Position,Intensity
2.000702,469
2.010815,436
2.020929,472
2.031043,480
2.041157,465
2.051271,458
2.061385,423
2.071498,411
2.081612,434
2.091726,461
2.10184,477
2.111954,494
2.122067,480
2.132181,491
2.142295,490
2.152409,451
2.162523,482
2.172637,436
2.18275,418
2.192864,467
2.202978,438
2.213092,406
2.223206,458
2.23332,429
2.243433,452
2.253547,451
2.263661,445
2.273775,424
2.283889,380
2.294003,437
2.304116,379
2.31423,363
2.324344,430
2.334458,401
2.344572,371
2.354685,411
2.364799,388
2.374913,375
2.385027,377
2.395141,313
2.405255,327
2.415368,332
2.425482,350
2.435596,307
2.44571,267
2.455824,277
2.465938,289
2.476051,270
2.486165,282
2.496279,307
2.506393,257
2.516507,279
2.52662,269
2.536734,248
2.546848,203
2.556962,204
2.567076,179
2.57719,197
2.587303,220
2.597417,176
2.607531,170
2.617645,151
2.627759,197
2.637873,152
2.647986,161
2.6581,137
2.668214,142
2.678328,123
2.688442,143
2.698555,124
2.708669,114
2.718783,123
2.728897,122
2.739011,99
2.749125,91
2.759238,107
2.769352,101
2.779466,96
2.78958,92
2.799694,74
2.809808,92
2.819921,83
2.830035,68
2.840149,66
2.850263,78
2.860377,68
2.870491,66
2.880604,65
2.890718,65
2.900832,49
2.910946,61
2.92106,51
2.931173,47
2.941287,54
2.951401,39
2.961515,49
2.971629,41
2.981743,46
2.991856,43
3.00197,31
3.012084,48
3.022198,36
3.032312,35
3.042426,51
3.052539,33
3.062653,36
3.072767,49
3.082881,25
3.092995,42
3.103108,31
3.113222,30
3.123336,31
3.13345,19
3.143564,21
3.153678,45
3.163791,30
3.173905,30
3.184019,36
3.194133,34
3.204247,32
3.214361,24
3.224474,33
3.234588,29
3.244702,24
3.254816,27
3.26493,28
3.275043,20
3.285157,31
3.295271,19
3.305385,22
3.315499,32
3.325613,31
3.335726,21
3.34584,24
3.355954,22
3.366068,27
3.376182,27
3.386296,26
3.396409,29
3.406523,27
3.416637,33
3.426751,26
3.436865,23
3.446979,24
3.457092,16
3.467206,28
3.47732,19
3.487434,16
3.497548,23
3.507661,19
3.517775,16
3.527889,19
3.538003,21
3.548117,14
3.558231,20
3.568344,21
3.578458,16
3.588572,19
3.598686,14
3.6088,23
3.618914,13
3.629027,18
3.639141,28
3.649255,22
3.659369,21
3.669483,14
3.679596,19
3.68971,27
3.699824,24
3.709938,20
3.720052,23
3.730166,23
3.740279,21
3.750393,15
3.760507,26
3.770621,18
3.780735,22
3.790849,7
3.800962,14
3.811076,17
3.82119,16
3.831304,17
3.841418,16
3.851531,16
3.861645,27
3.871759,7
3.881873,16
3.891987,10
3.902101,23
3.912214,12
3.922328,15
3.932442,16
3.942556,10
3.95267,10
3.962784,13
3.972897,17
3.983011,19
3.993125,14
4.003239,14
4.013353,20
4.023467,10
4.03358,12
4.043694,21
4.053808,16
4.063922,6
4.074036,20
4.084149,12
4.094263,23
4.104377,18
4.114491,17
4.124605,14
4.134719,8
4.144832,9
4.154946,15
4.16506,16
4.175174,13
4.185288,16
4.195402,6
4.205515,10
4.215629,7
4.225743,15
4.235857,20
4.245971,9
4.256084,15
4.266198,15
4.276312,18
4.286426,15
4.29654,12
4.306654,14
4.316767,16
4.326881,13
4.336995,14
4.347109,5
4.357223,19
4.367337,10
4.37745,6
4.387564,16
4.397678,9
4.407792,14
4.417906,16
4.42802,16
4.438133,10
4.448247,14
4.458361,11
4.468475,9
4.478589,11
4.488702,7
4.498816,12
4.50893,12
4.519044,14
4.529158,10
4.539272,8
4.549385,7
4.559499,10
4.569613,11
4.579727,16
4.589841,15
4.599955,12
4.610068,13
4.620182,10
4.630296,19
4.64041,15
4.650524,23
4.660637,20
4.670751,31
4.680865,20
4.690979,31
4.701093,23
4.711207,25
4.72132,28
4.731434,25
4.741548,17
4.751662,29
4.761776,35
4.77189,31
4.782003,28
4.792117,26
4.802231,27
4.812345,34
4.822459,21
4.832572,20
4.842686,30
4.8528,23
4.862914,14
4.873028,20
4.883142,20
4.893255,17
4.903369,20
4.913483,19
4.923597,20
4.933711,16
4.943825,15
4.953938,12
4.964052,14
4.974166,10
4.98428,4
4.994394,12
5.004508,15
5.014621,12
5.024735,11
5.034849,11
5.044963,20
5.055077,19
5.06519,14
5.075304,6
5.085418,16
5.095532,12
5.105646,11
5.11576,8
5.125873,15
5.135987,19
5.146101,5
5.156215,6
5.166329,13
5.176443,3
5.186556,4
5.19667,19
5.206784,6
5.216898,4
5.227012,12
5.237125,8
5.247239,9
5.257353,19
5.267467,12
5.277581,15
5.287695,13
5.297808,14
5.307922,12
5.318036,12
5.32815,7
5.338264,11
5.348378,15
5.358491,9
5.368605,6
5.378719,13
5.388833,14
5.398947,10
5.40906,11
5.419174,12
5.429288,8
5.439402,10
5.449516,11
5.45963,8
5.469743,13
5.479857,15
5.489971,16
5.500085,11
5.510199,4
5.520313,10
5.530426,11
5.54054,15
5.550654,12
5.560768,12
5.570882,7
5.580996,11
5.591109,12
5.601223,3
5.611337,5
5.621451,9
5.631565,8
5.641678,10
5.651792,16
5.661906,13
5.67202,5
5.682134,4
5.692248,12
5.702361,9
5.712475,9
5.722589,16
5.732703,9
5.742817,8
5.752931,12
5.763044,13
5.773158,8
5.783272,11
5.793386,10
5.8035,12
5.813613,11
5.823727,7
5.833841,9
5.843955,9
5.854069,7
5.864183,15
5.874296,9
5.88441,5
5.894524,9
5.904638,9
5.914752,8
5.924866,10
5.934979,5
5.945093,20
5.955207,10
5.965321,10
5.975435,16
5.985548,6
5.995662,11
6.005776,8
6.01589,9
6.026004,5
6.036118,10
6.046231,11
6.056345,3
6.066459,13
6.076573,12
6.086687,16
6.096801,8
6.106914,7
6.117028,8
6.127142,13
6.137256,9
6.14737,10
6.157484,13
6.167597,12
6.177711,9
6.187825,10
6.197939,10
6.208053,15
6.218166,3
6.22828,10
6.238394,11
6.248508,4
6.258622,10
6.268736,7
6.278849,6
6.288963,12
6.299077,8
6.309191,10
6.319305,7
6.329419,7
6.339532,7
6.349646,15
6.35976,19
6.369874,8
6.379988,9
6.390101,4
6.400215,8
6.410329,16
6.420443,8
6.430557,11
6.440671,10
6.450784,8
6.460898,5
6.471012,5
6.481126,6
6.49124,7
6.501354,5
6.511467,13
6.521581,9
6.531695,8
6.541809,6
6.551923,6
6.562036,8
6.57215,7
6.582264,4
6.592378,10
6.602492,6
6.612606,5
6.622719,13
6.632833,8
6.642947,8
6.653061,7
6.663175,6
6.673289,12
6.683402,8
6.693516,4
6.70363,11
6.713744,5
6.723858,11
6.733972,12
6.744085,8
6.754199,11
6.764313,6
6.774427,8
6.784541,12
6.794654,8
6.804768,9
6.814882,6
6.824996,8
6.83511,13
6.845224,3
6.855337,11
6.865451,9
6.875565,3
6.885679,10
6.895793,6
6.905907,7
6.91602,9
6.926134,8
6.936248,13
6.946362,5
6.956476,8
6.966589,6
6.976703,4
6.986817,8
6.996931,16
7.007045,13
7.017159,10
7.027272,11
7.037386,5
7.0475,9
7.057614,4
7.067728,5
7.077842,4
7.087955,9
7.098069,7
7.108183,4
7.118297,12
7.128411,4
7.138524,9
7.148638,11
7.158752,4
7.168866,9
7.17898,13
7.189094,9
7.199207,3
7.209321,7
7.219435,9
7.229549,15
7.239663,4
7.249777,5
7.25989,13
7.270004,8
7.280118,7
7.290232,14
7.300346,7
7.31046,11
7.320573,7
7.330687,6
7.340801,3
7.350915,6
7.361029,9
7.371142,5
7.381256,10
7.39137,11
7.401484,7
7.411598,11
7.421712,7
7.431825,9
7.441939,11
7.452053,14
7.462167,8
7.472281,7
7.482395,9
7.492508,10
7.502622,3
7.512736,4
7.52285,8
7.532964,8
7.543077,8
7.553191,5
7.563305,10
7.573419,11
7.583533,4
7.593647,4
7.60376,11
7.613874,13
7.623988,8
7.634102,8
7.644216,10
7.65433,3
7.664443,5
7.674557,8
7.684671,8
7.694785,13
7.704899,7
7.715013,10
7.725126,7
7.73524,10
7.745354,4
7.755468,10
7.765582,10
7.775695,5
7.785809,10
7.795923,8
7.806037,7
7.816151,7
7.826265,4
7.836378,3
7.846492,3
7.856606,2
7.86672,8
7.876834,9
7.886948,5
7.897061,9
7.907175,9
7.917289,12
7.927403,7
7.937517,7
7.94763,8
7.957744,8
7.967858,8
7.977972,7
7.988086,5
7.9982,4
8.008313,6
8.018427,9
8.028541,6
8.038655,6
8.048769,8
8.058883,7
8.068996,12
8.07911,3
8.089224,5
8.099338,10
8.109452,9
8.119565,7
8.129679,4
8.139793,7
8.149907,3
8.160021,12
8.170135,12
8.180248,12
8.190362,6
8.200476,3
8.21059,5
8.220704,5
8.230818,8
8.240931,8
8.251045,7
8.261159,7
8.271273,3
8.281387,9
8.291501,5
8.301614,4
8.311728,6
8.321842,11
8.331956,10
8.34207,5
8.352183,4
8.362297,10
8.372411,4
8.382525,9
8.392639,10
8.402753,2
8.412866,3
8.42298,7
8.433094,8
8.443208,11
8.453322,10
8.463436,4
8.473549,10
8.483663,12
8.493777,8
8.503891,11
8.514005,7
8.524118,3
8.534232,7
8.544346,4
8.55446,5
8.564574,5
8.574688,12
8.584801,8
8.594915,3
8.605029,2
8.615143,7
8.625257,8
8.635371,6
8.645484,9
8.655598,2
8.665712,11
8.675826,8
8.68594,6
8.696053,8
8.706167,5
8.716281,6
8.726395,11
8.736509,10
8.746623,7
8.756736,5
8.76685,6
8.776964,2
8.787078,9
8.797192,9
8.807306,9
8.817419,3
8.827533,8
8.837647,5
8.847761,7
8.857875,3
8.867989,4
8.878102,8
8.888216,8
8.89833,9
8.908444,8
8.918558,4
8.928671,9
8.938785,4
8.948899,6
8.959013,13
8.969127,5
8.979241,7
8.989354,3
8.999468,7
9.009582,5
9.019696,5
9.02981,6
9.039924,12
9.050037,3
9.060151,9
9.070265,9
9.080379,4
9.090493,8
9.100606,15
9.11072,4
9.120834,3
9.130948,8
9.141062,6
9.151176,8
9.161289,4
9.171403,8
9.181517,6
9.191631,2
9.201745,6
9.211859,9
9.221972,4
9.232086,8
9.2422,8
9.252314,4
9.262428,3
9.272541,12
9.282655,3
9.292769,11
9.302883,3
9.312997,7
9.323111,3
9.333224,5
9.343338,5
9.353452,8
9.363566,5
9.37368,8
9.383794,9
9.393907,15
9.404021,8
9.414135,7
9.424249,8
9.434363,4
9.444477,9
9.45459,6
9.464704,12
9.474818,10
9.484932,14
9.495046,7
9.505159,7
9.515273,12
9.525387,13
9.535501,11
9.545615,16
9.555729,6
9.565842,1
9.575956,7
9.58607,12
9.596184,6
9.606298,9
9.616412,14
9.626525,3
9.636639,5
9.646753,6
9.656867,6
9.666981,11
9.677094,4
9.687208,11
9.697322,6
9.707436,5
9.71755,7
9.727664,3
9.737777,5
9.747891,4
9.758005,6
9.768119,12
9.778233,4
9.788347,7
9.79846,4
9.808574,3
9.818688,1
9.828802,8
9.838916,8
9.849029,7
9.859143,5
9.869257,7
9.879371,9
9.889485,2
9.899599,5
9.909712,6
9.919826,8
9.92994,4
9.940054,9
9.950168,3
9.960282,6
9.970395,9
9.980509,4
9.990623,3
10.00073,6
10.01085,11
10.02096,2
10.03107,10
10.04119,6
10.0513,13
10.06142,3
10.07153,14
10.08164,5
10.09176,4
10.10187,7
10.11198,13
10.1221,4
10.13221,13
10.14233,4
10.15244,5
10.16255,6
10.17267,5
10.18278,6
10.1929,10
10.20301,2
10.21312,4
10.22324,10
10.23335,4
10.24346,9
10.25358,9
10.26369,10
10.27381,8
10.28392,8
10.29403,10
10.30415,6
10.31426,7
10.32437,6
10.33449,10
10.3446,8
10.35472,4
10.36483,8
10.37494,5
10.38506,14
10.39517,12
10.40529,5
10.4154,8
10.42551,12
10.43563,8
10.44574,7
10.45585,13
10.46597,3
10.47608,13
10.4862,9
10.49631,7
10.50642,6
10.51654,10
10.52665,3
10.53677,3
10.54688,5
10.55699,5
10.56711,3
10.57722,9
10.58733,7
10.59745,2
10.60756,6
10.61768,6
10.62779,8
10.6379,4
10.64802,7
10.65813,5
10.66824,5
10.67836,6
10.68847,8
10.69859,5
10.7087,5
10.71881,13
10.72893,1
10.73904,5
10.74916,8
10.75927,7
10.76938,4
10.7795,11
10.78961,7
10.79972,7
10.80984,7
10.81995,9
10.83007,3
10.84018,2
10.85029,6
10.86041,3
10.87052,2
10.88064,7
10.89075,7
10.90086,7
10.91098,4
10.92109,11
10.9312,4
10.94132,2
10.95143,4
10.96155,4
10.97166,5
10.98177,5
10.99189,2
11.002,6
11.01211,2
11.02223,0
11.03234,4
11.04246,4
11.05257,9
11.06268,7
11.0728,7
11.08291,6
11.09303,4
11.10314,9
11.11325,4
11.12337,4
11.13348,9
11.14359,5
11.15371,7
11.16382,2
11.17394,7
11.18405,4
11.19416,6
11.20428,11
11.21439,8
11.22451,4
11.23462,6
11.24473,4
11.25485,3
11.26496,4
11.27507,5
11.28519,12
11.2953,8
11.30542,5
11.31553,5
11.32564,4
11.33576,9
11.34587,5
11.35598,7
11.3661,7
11.37621,7
11.38633,12
11.39644,5
11.40655,6
11.41667,3
11.42678,8
11.4369,4
11.44701,1
11.45712,9
11.46724,3
11.47735,5
11.48746,6
11.49758,7
11.50769,5
11.51781,6
11.52792,3
11.53803,11
11.54815,5
11.55826,7
11.56838,5
11.57849,5
11.5886,5
11.59872,5
11.60883,9
11.61894,6
11.62906,10
11.63917,3
11.64929,8
11.6594,6
11.66951,8
11.67963,3
11.68974,5
11.69985,3
11.70997,4
11.72008,5
11.7302,4
11.74031,7
11.75042,4
11.76054,6
11.77065,8
11.78077,2
11.79088,7
11.80099,6
11.81111,11
11.82122,7
11.83133,7
11.84145,5
11.85156,6
11.86168,5
11.87179,5
11.8819,4
11.89202,7
11.90213,10
11.91225,6
11.92236,10
11.93247,7
11.94259,5
11.9527,9
11.96281,5
11.97293,7
11.98304,6
11.99316,3
12.00327,7
12.01338,8
12.0235,6
12.03361,7
12.04372,4
12.05384,6
12.06395,9
12.07407,12
12.08418,2
12.09429,5
12.10441,11
12.11452,7
12.12464,7
12.13475,12
12.14486,8
12.15498,3
12.16509,5
12.1752,8
12.18532,9
12.19543,7
12.20555,11
12.21566,5
12.22577,10
12.23589,5
12.246,7
12.25612,13
12.26623,8
12.27634,8
12.28646,6
12.29657,4
12.30668,7
12.3168,3
12.32691,7
12.33703,8
12.34714,3
12.35725,4
12.36737,3
12.37748,4
12.38759,6
12.39771,3
12.40782,9
12.41794,12
12.42805,11
12.43816,9
12.44828,9
12.45839,8
12.46851,17
12.47862,7
12.48873,2
12.49885,7
12.50896,5
12.51907,3
12.52919,7
12.5393,5
12.54942,5
12.55953,8
12.56964,8
12.57976,1
12.58987,6
12.59999,7
12.6101,5
12.62021,7
12.63033,7
12.64044,5
12.65055,7
12.66067,9
12.67078,8
12.6809,7
12.69101,4
12.70112,3
12.71124,7
12.72135,4
12.73147,9
12.74158,3
12.75169,3
12.76181,5
12.77192,6
12.78203,8
12.79215,5
12.80226,6
12.81238,4
12.82249,4
12.8326,8
12.84272,6
12.85283,4
12.86294,8
12.87306,10
12.88317,7
12.89329,10
12.9034,5
12.91351,10
12.92363,6
12.93374,6
12.94386,6
12.95397,8
12.96408,5
12.9742,8
12.98431,4
12.99442,6
13.00454,14
13.01465,7
13.02477,11
13.03488,7
13.04499,4
13.05511,2
13.06522,3
13.07534,4
13.08545,8
13.09556,9
13.10568,3
13.11579,9
13.1259,4
13.13602,9
13.14613,6
13.15625,9
13.16636,10
13.17647,11
13.18659,7
13.1967,7
13.20681,7
13.21693,10
13.22704,10
13.23716,12
13.24727,7
13.25738,7
13.2675,5
13.27761,6
13.28773,10
13.29784,9
13.30795,5
13.31807,9
13.32818,7
13.33829,10
13.34841,6
13.35852,10
13.36864,4
13.37875,13
13.38886,15
13.39898,7
13.40909,5
13.41921,7
13.42932,5
13.43943,6
13.44955,4
13.45966,6
13.46977,6
13.47989,7
13.49,7
13.50012,7
13.51023,6
13.52034,6
13.53046,13
13.54057,5
13.55068,7
13.5608,9
13.57091,10
13.58103,8
13.59114,9
13.60125,5
13.61137,7
13.62148,7
13.6316,4
13.64171,8
13.65182,9
13.66194,9
13.67205,3
13.68216,11
13.69228,12
13.70239,11
13.71251,6
13.72262,8
13.73273,13
13.74285,8
13.75296,9
13.76308,8
13.77319,4
13.7833,8
13.79342,7
13.80353,12
13.81364,4
13.82376,5
13.83387,5
13.84399,6
13.8541,4
13.86421,9
13.87433,7
13.88444,7
13.89455,6
13.90467,11
13.91478,13
13.9249,5
13.93501,7
13.94512,10
13.95524,4
13.96535,14
13.97547,5
13.98558,7
13.99569,10
14.00581,6
14.01592,9
14.02603,5
14.03615,4
14.04626,8
14.05638,13
14.06649,5
14.0766,5
14.08672,17
14.09683,13
14.10695,7
14.11706,4
14.12717,9
14.13729,16
14.1474,7
14.15751,7
14.16763,6
14.17774,4
14.18786,11
14.19797,12
14.20808,8
14.2182,7
14.22831,7
14.23842,8
14.24854,11
14.25865,9
14.26877,10
14.27888,9
14.28899,7
14.29911,8
14.30922,13
14.31934,16
14.32945,7
14.33956,5
14.34968,10
14.35979,13
14.3699,7
14.38002,12
14.39013,1
14.40025,6
14.41036,11
14.42047,2
14.43059,7
14.4407,8
14.45082,4
14.46093,9
14.47104,13
14.48116,8
14.49127,10
14.50138,15
14.5115,11
14.52161,7
14.53173,12
14.54184,6
14.55195,13
14.56207,9
14.57218,6
14.58229,6
14.59241,7
14.60252,7
14.61264,10
14.62275,6
14.63286,5
14.64298,11
14.65309,16
14.66321,12
14.67332,11
14.68343,6
14.69355,11
14.70366,11
14.71377,7
14.72389,6
14.734,7
14.74412,7
14.75423,9
14.76434,12
14.77446,6
14.78457,10
14.79469,10
14.8048,5
14.81491,6
14.82503,18
14.83514,7
14.84525,12
14.85537,9
14.86548,11
14.8756,12
14.88571,9
14.89582,8
14.90594,16
14.91605,14
14.92616,8
14.93628,8
14.94639,7
14.95651,10
14.96662,3
14.97673,7
14.98685,8
14.99696,5
15.00708,9
15.01719,5
15.0273,11
15.03742,13
15.04753,9
15.05764,6
15.06776,11
15.07787,14
15.08799,8
15.0981,7
15.10821,6
15.11833,6
15.12844,11
15.13856,7
15.14867,14
15.15878,10
15.1689,8
15.17901,5
15.18912,6
15.19924,10
15.20935,10
15.21947,8
15.22958,10
15.23969,10
15.24981,6
15.25992,5
15.27003,16
15.28015,9
15.29026,2
15.30038,18
15.31049,12
15.3206,7
15.33072,10
15.34083,17
15.35095,12
15.36106,11
15.37117,6
15.38129,7
15.3914,13
15.40151,10
15.41163,7
15.42174,10
15.43186,6
15.44197,13
15.45208,18
15.4622,5
15.47231,8
15.48243,9
15.49254,4
15.50265,11
15.51277,3
15.52288,8
15.53299,6
15.54311,19
15.55322,14
15.56334,6
15.57345,13
15.58356,6
15.59368,9
15.60379,12
15.61391,4
15.62402,11
15.63413,13
15.64425,6
15.65436,15
15.66447,3
15.67459,6
15.6847,11
15.69482,6
15.70493,19
15.71504,6
15.72516,14
15.73527,8
15.74538,11
15.7555,9
15.76561,19
15.77573,10
15.78584,15
15.79595,14
15.80607,10
15.81618,14
15.8263,5
15.83641,12
15.84652,10
15.85664,3
15.86675,10
15.87686,12
15.88698,8
15.89709,12
15.90721,10
15.91732,6
15.92743,11
15.93755,5
15.94766,9
15.95778,16
15.96789,5
15.978,11
15.98812,6
15.99823,10
16.00834,9
16.01846,5
16.02857,5
16.03869,7
16.0488,9
16.05891,11
16.06903,9
16.07914,8
16.08925,12
16.09937,17
16.10948,6
16.1196,8
16.12971,10
16.13982,9
16.14994,12
16.16005,11
16.17017,14
16.18028,8
16.19039,12
16.20051,2
16.21062,14
16.22073,17
16.23085,19
16.24096,12
16.25108,16
16.26119,17
16.2713,18
16.28142,9
16.29153,9
16.30165,9
16.31176,6
16.32187,4
16.33199,12
16.3421,12
16.35221,15
16.36233,7
16.37244,8
16.38256,12
16.39267,13
16.40278,12
16.4129,17
16.42301,21
16.43312,4
16.44324,9
16.45335,10
16.46347,12
16.47358,10
16.48369,8
16.49381,10
16.50392,19
16.51404,19
16.52415,15
16.53426,20
16.54438,12
16.55449,19
16.5646,11
16.57472,8
16.58483,10
16.59495,9
16.60506,14
16.61517,10
16.62529,7
16.6354,8
16.64552,10
16.65563,13
16.66574,9
16.67586,14
16.68597,11
16.69608,12
16.7062,14
16.71631,11
16.72643,10
16.73654,17
16.74665,6
16.75677,11
16.76688,8
16.77699,18
16.78711,19
16.79722,13
16.80734,13
16.81745,17
16.82756,20
16.83768,14
16.84779,16
16.85791,10
16.86802,14
16.87813,14
16.88825,13
16.89836,13
16.90847,13
16.91859,18
16.9287,7
16.93882,14
16.94893,14
16.95904,20
16.96916,16
16.97927,13
16.98939,14
16.9995,8
17.00961,9
17.01973,18
17.02984,15
17.03995,14
17.05007,13
17.06018,12
17.0703,18
17.08041,21
17.09052,14
17.10064,8
17.11075,15
17.12086,16
17.13098,11
17.14109,22
17.15121,9
17.16132,11
17.17143,24
17.18155,17
17.19166,10
17.20178,24
17.21189,12
17.222,17
17.23212,18
17.24223,19
17.25234,12
17.26246,15
17.27257,16
17.28269,13
17.2928,7
17.30291,16
17.31303,17
17.32314,12
17.33326,17
17.34337,14
17.35348,13
17.3636,20
17.37371,8
17.38382,12
17.39394,22
17.40405,10
17.41417,32
17.42428,18
17.43439,12
17.44451,17
17.45462,13
17.46473,21
17.47485,14
17.48496,12
17.49508,16
17.50519,21
17.5153,20
17.52542,11
17.53553,8
17.54565,20
17.55576,24
17.56587,19
17.57599,27
17.5861,20
17.59621,14
17.60633,17
17.61644,13
17.62656,27
17.63667,27
17.64678,16
17.6569,12
17.66701,26
17.67713,17
17.68724,22
17.69735,18
17.70747,32
17.71758,17
17.72769,14
17.73781,15
17.74792,21
17.75804,18
17.76815,29
17.77826,19
17.78838,24
17.79849,10
17.8086,16
17.81872,25
17.82883,19
17.83895,19
17.84906,19
17.85917,30
17.86929,13
17.8794,21
17.88952,30
17.89963,23
17.90974,17
17.91986,27
17.92997,25
17.94008,14
17.9502,19
17.96031,14
17.97043,14
17.98054,35
17.99065,19
18.00077,15
18.01088,14
18.021,24
18.03111,25
18.04122,20
18.05134,16
18.06145,22
18.07156,23
18.08168,17
18.09179,30
18.10191,11
18.11202,23
18.12213,16
18.13225,21
18.14236,16
18.15248,24
18.16259,13
18.1727,22
18.18282,23
18.19293,22
18.20304,21
18.21316,22
18.22327,18
18.23339,13
18.2435,19
18.25361,21
18.26373,23
18.27384,14
18.28395,19
18.29407,26
18.30418,25
18.3143,30
18.32441,22
18.33452,20
18.34464,14
18.35475,21
18.36487,18
18.37498,22
18.38509,26
18.39521,22
18.40532,30
18.41543,22
18.42555,22
18.43566,25
18.44578,21
18.45589,10
18.466,12
18.47612,26
18.48623,17
18.49635,12
18.50646,12
18.51657,15
18.52669,21
18.5368,22
18.54691,17
18.55703,18
18.56714,11
18.57726,25
18.58737,20
18.59748,27
18.6076,23
18.61771,14
18.62782,25
18.63794,21
18.64805,17
18.65817,29
18.66828,23
18.67839,28
18.68851,22
18.69862,18
18.70874,20
18.71885,24
18.72896,14
18.73908,14
18.74919,28
18.7593,20
18.76942,19
18.77953,28
18.78965,24
18.79976,15
18.80987,34
18.81999,15
18.8301,27
18.84022,18
18.85033,22
18.86044,16
18.87056,26
18.88067,22
18.89078,21
18.9009,26
18.91101,34
18.92113,25
18.93124,37
18.94135,33
18.95147,29
18.96158,29
18.97169,26
18.98181,30
18.99192,31
19.00204,26
19.01215,38
19.02226,18
19.03238,32
19.04249,35
19.05261,29
19.06272,38
19.07283,34
19.08295,35
19.09306,36
19.10317,32
19.11329,34
19.1234,24
19.13352,31
19.14363,37
19.15374,34
19.16386,28
19.17397,27
19.18409,34
19.1942,29
19.20431,29
19.21443,36
19.22454,26
19.23465,34
19.24477,41
19.25488,25
19.265,25
19.27511,24
19.28522,26
19.29534,23
19.30545,26
19.31556,30
19.32568,19
19.33579,31
19.34591,26
19.35602,21
19.36613,19
19.37625,31
19.38636,15
19.39648,27
19.40659,34
19.4167,22
19.42682,29
19.43693,13
19.44704,27
19.45716,27
19.46727,29
19.47739,34
19.4875,26
19.49761,21
19.50773,27
19.51784,26
19.52796,22
19.53807,21
19.54818,19
19.5583,27
19.56841,35
19.57852,26
19.58864,20
19.59875,25
19.60887,25
19.61898,13
19.62909,34
19.63921,23
19.64932,19
19.65943,22
19.66955,29
19.67966,28
19.68978,33
19.69989,27
19.71,13
19.72012,16
19.73023,17
19.74035,23
19.75046,26
19.76057,22
19.77069,21
19.7808,23
19.79091,28
19.80103,21
19.81114,19
19.82126,21
19.83137,19
19.84148,29
19.8516,29
19.86171,21
19.87183,22
19.88194,26
19.89205,27
19.90217,21
19.91228,30
19.92239,35
19.93251,22
19.94262,20
19.95274,30
19.96285,26
19.97296,30
19.98308,18
19.99319,26
20.0033,28
20.01342,42
20.02353,28
20.03365,32
20.04376,25
20.05387,22
20.06399,32
20.0741,29
20.08422,16
20.09433,33
20.10444,30
20.11456,27
20.12467,32
20.13478,30
20.1449,29
20.15501,30
20.16513,26
20.17524,19
20.18535,26
20.19547,22
20.20558,27
20.2157,31
20.22581,19
20.23592,20
20.24604,20
20.25615,18
20.26626,20
20.27638,32
20.28649,27
20.29661,23
20.30672,27
20.31683,17
20.32695,34
20.33706,30
20.34717,19
20.35729,32
20.3674,32
20.37752,25
20.38763,25
20.39774,21
20.40786,28
20.41797,22
20.42809,32
20.4382,20
20.44831,39
20.45843,31
20.46854,17
20.47865,27
20.48877,41
20.49888,21
20.509,33
20.51911,30
20.52922,28
20.53934,31
20.54945,25
20.55957,35
20.56968,24
20.57979,17
20.58991,22
20.60002,32
20.61013,32
20.62025,24
20.63036,15
20.64048,25
20.65059,17
20.6607,25
20.67082,22
20.68093,31
20.69104,30
20.70116,25
20.71127,19
20.72139,37
20.7315,24
20.74161,26
20.75173,27
20.76184,28
20.77196,33
20.78207,28
20.79218,33
20.8023,41
20.81241,32
20.82252,33
20.83264,23
20.84275,26
20.85287,27
20.86298,28
20.87309,38
20.88321,30
20.89332,33
20.90344,29
20.91355,30
20.92366,39
20.93378,36
20.94389,21
20.954,41
20.96412,25
20.97423,18
20.98435,27
20.99446,32
21.00457,25
21.01469,17
21.0248,21
21.03492,27
21.04503,28
21.05514,34
21.06526,26
21.07537,28
21.08548,23
21.0956,29
21.10571,25
21.11583,29
21.12594,33
21.13605,29
21.14617,34
21.15628,34
21.16639,25
21.17651,24
21.18662,23
21.19674,35
21.20685,22
21.21696,26
21.22708,30
21.23719,25
21.24731,27
21.25742,22
21.26753,17
21.27765,22
21.28776,29
21.29787,23
21.30799,29
21.3181,29
21.32822,19
21.33833,34
21.34844,35
21.35856,25
21.36867,39
21.37879,30
21.3889,40
21.39901,26
21.40913,18
21.41924,15
21.42935,28
21.43947,31
21.44958,24
21.4597,30
21.46981,34
21.47992,24
21.49004,33
21.50015,40
21.51026,30
21.52038,28
21.53049,26
21.54061,22
21.55072,34
21.56083,34
21.57095,30
21.58106,31
21.59118,26
21.60129,25
21.6114,22
21.62152,33
21.63163,39
21.64174,29
21.65186,31
21.66197,27
21.67209,25
21.6822,40
21.69231,44
21.70243,26
21.71254,36
21.72266,38
21.73277,41
21.74288,31
21.753,41
21.76311,37
21.77322,39
21.78334,46
21.79345,37
21.80357,36
21.81368,33
21.82379,36
21.83391,46
21.84402,43
21.85413,39
21.86425,33
21.87436,49
21.88448,31
21.89459,36
21.9047,32
21.91482,36
21.92493,40
21.93505,38
21.94516,35
21.95527,41
21.96539,36
21.9755,27
21.98561,39
21.99573,38
22.00584,39
22.01596,35
22.02607,27
22.03618,26
22.0463,24
22.05641,33
22.06653,31
22.07664,36
22.08675,47
22.09687,21
22.10698,32
22.11709,32
22.12721,31
22.13732,24
22.14744,50
22.15755,32
22.16766,39
22.17778,21
22.18789,28
22.198,22
22.20812,29
22.21823,24
22.22835,33
22.23846,25
22.24857,37
22.25869,28
22.2688,27
22.27892,31
22.28903,33
22.29914,48
22.30926,30
22.31937,28
22.32948,39
22.3396,17
22.34971,42
22.35983,25
22.36994,49
22.38005,22
22.39017,22
22.40028,25
22.4104,38
22.42051,44
22.43062,27
22.44074,34
22.45085,35
22.46096,36
22.47108,35
22.48119,31
22.49131,26
22.50142,40
22.51153,29
22.52165,26
22.53176,32
22.54187,30
22.55199,32
22.5621,40
22.57222,35
22.58233,36
22.59244,27
22.60256,36
22.61267,33
22.62279,29
22.6329,45
22.64301,37
22.65313,23
22.66324,28
22.67335,38
22.68347,29
22.69358,24
22.7037,30
22.71381,28
22.72392,33
22.73404,31
22.74415,38
22.75427,35
22.76438,43
22.77449,38
22.78461,55
22.79472,38
22.80483,35
22.81495,37
22.82506,31
22.83518,36
22.84529,31
22.8554,21
22.86552,26
22.87563,39
22.88574,27
22.89586,45
22.90597,29
22.91609,46
22.9262,37
22.93631,31
22.94643,38
22.95654,29
22.96666,40
22.97677,43
22.98688,40
22.997,44
23.00711,28
23.01722,45
23.02734,44
23.03745,38
23.04757,31
23.05768,43
23.06779,53
23.07791,42
23.08802,50
23.09814,35
23.10825,34
23.11836,51
23.12848,40
23.13859,44
23.1487,46
23.15882,43
23.16893,38
23.17905,43
23.18916,29
23.19927,46
23.20939,37
23.2195,52
23.22961,43
23.23973,45
23.24984,43
23.25996,47
23.27007,34
23.28018,36
23.2903,37
23.30041,34
23.31053,43
23.32064,35
23.33075,39
23.34087,58
23.35098,39
23.36109,36
23.37121,46
23.38132,32
23.39144,50
23.40155,50
23.41166,33
23.42178,30
23.43189,36
23.44201,27
23.45212,42
23.46223,37
23.47235,41
23.48246,43
23.49257,47
23.50269,38
23.5128,44
23.52292,47
23.53303,40
23.54314,36
23.55326,43
23.56337,54
23.57349,38
23.5836,45
23.59371,47
23.60383,60
23.61394,28
23.62405,44
23.63417,46
23.64428,40
23.6544,44
23.66451,63
23.67462,40
23.68474,45
23.69485,53
23.70496,49
23.71508,53
23.72519,61
23.73531,60
23.74542,65
23.75553,56
23.76565,71
23.77576,60
23.78588,65
23.79599,64
23.8061,64
23.81622,89
23.82633,99
23.83644,113
23.84656,119
23.85667,138
23.86679,139
23.8769,182
23.88701,189
23.89713,174
23.90724,177
23.91736,165
23.92747,187
23.93758,198
23.9477,180
23.95781,160
23.96792,150
23.97804,128
23.98815,128
23.99827,119
24.00838,120
24.01849,102
24.02861,91
24.03872,95
24.04883,81
24.05895,73
24.06906,69
24.07918,57
24.08929,58
24.0994,31
24.10952,52
24.11963,60
24.12975,60
24.13986,44
24.14997,48
24.16009,44
24.1702,44
24.18031,42
24.19043,47
24.20054,44
24.21066,44
24.22077,50
24.23088,56
24.241,39
24.25111,62
24.26123,47
24.27134,53
24.28145,44
24.29157,55
24.30168,46
24.31179,44
24.32191,46
24.33202,50
24.34214,52
24.35225,47
24.36236,39
24.37248,59
24.38259,34
24.3927,44
24.40282,35
24.41293,42
24.42305,39
24.43316,34
24.44327,45
24.45339,51
24.4635,34
24.47362,43
24.48373,48
24.49384,41
24.50396,43
24.51407,34
24.52418,38
24.5343,31
24.54441,32
24.55453,34
24.56464,37
24.57475,40
24.58487,35
24.59498,38
24.6051,42
24.61521,46
24.62532,46
24.63544,27
24.64555,34
24.65566,44
24.66578,45
24.67589,42
24.68601,41
24.69612,41
24.70623,44
24.71635,41
24.72646,32
24.73657,39
24.74669,51
24.7568,47
24.76692,31
24.77703,46
24.78714,28
24.79726,26
24.80737,41
24.81749,40
24.8276,33
24.83771,26
24.84783,32
24.85794,39
24.86805,47
24.87817,32
24.88828,26
24.8984,36
24.90851,39
24.91862,41
24.92874,45
24.93885,32
24.94897,33
24.95908,53
24.96919,39
24.97931,49
24.98942,42
24.99953,48
25.00965,31
25.01976,46
25.02988,43
25.03999,51
25.0501,40
25.06022,42
25.07033,42
25.08044,41
25.09056,34
25.10067,43
25.11079,52
25.1209,54
25.13101,54
25.14113,49
25.15124,41
25.16136,45
25.17147,48
25.18158,40
25.1917,48
25.20181,45
25.21192,40
25.22204,39
25.23215,50
25.24227,34
25.25238,50
25.26249,45
25.27261,47
25.28272,52
25.29284,41
25.30295,39
25.31306,49
25.32318,57
25.33329,47
25.3434,46
25.35352,47
25.36363,48
25.37375,50
25.38386,41
25.39397,34
25.40409,57
25.4142,42
25.42431,43
25.43443,41
25.44454,43
25.45466,41
25.46477,39
25.47488,38
25.485,38
25.49511,41
25.50523,51
25.51534,43
25.52545,50
25.53557,41
25.54568,45
25.55579,31
25.56591,42
25.57602,50
25.58614,48
25.59625,40
25.60636,50
25.61648,47
25.62659,53
25.63671,48
25.64682,44
25.65693,49
25.66705,40
25.67716,39
25.68727,52
25.69739,45
25.7075,47
25.71762,53
25.72773,26
25.73784,43
25.74796,51
25.75807,46
25.76818,44
25.7783,56
25.78841,43
25.79853,46
25.80864,60
25.81875,47
25.82887,40
25.83898,51
25.8491,58
25.85921,43
25.86932,44
25.87944,43
25.88955,55
25.89966,38
25.90978,45
25.91989,47
25.93001,48
25.94012,37
25.95023,45
25.96035,63
25.97046,36
25.98058,44
25.99069,46
26.0008,56
26.01092,58
26.02103,53
26.03114,47
26.04126,45
26.05137,66
26.06149,45
26.0716,56
26.08171,54
26.09183,54
26.10194,74
26.11205,65
26.12217,59
26.13228,56
26.1424,54
26.15251,69
26.16262,69
26.17274,55
26.18285,63
26.19297,65
26.20308,71
26.21319,79
26.22331,64
26.23342,59
26.24353,49
26.25365,65
26.26376,64
26.27388,52
26.28399,57
26.2941,47
26.30422,55
26.31433,65
26.32445,51
26.33456,53
26.34467,51
26.35479,45
26.3649,59
26.37501,48
26.38513,65
26.39524,44
26.40536,61
26.41547,57
26.42558,58
26.4357,53
26.44581,57
26.45593,67
26.46604,57
26.47615,39
26.48627,40
26.49638,62
26.50649,54
26.51661,53
26.52672,57
26.53684,62
26.54695,55
26.55706,53
26.56718,47
26.57729,39
26.5874,52
26.59752,56
26.60763,52
26.61775,67
26.62786,45
26.63797,53
26.64809,47
26.6582,54
26.66832,55
26.67843,48
26.68854,47
26.69866,51
26.70877,50
26.71888,53
26.729,56
26.73911,48
26.74923,47
26.75934,47
26.76945,55
26.77957,46
26.78968,62
26.7998,46
26.80991,51
26.82002,45
26.83014,57
26.84025,52
26.85036,68
26.86048,50
26.87059,46
26.88071,59
26.89082,46
26.90093,51
26.91105,58
26.92116,56
26.93127,56
26.94139,43
26.9515,45
26.96162,46
26.97173,62
26.98184,54
26.99196,43
27.00207,53
27.01219,43
27.0223,52
27.03241,72
27.04253,49
27.05264,59
27.06275,57
27.07287,45
27.08298,46
27.0931,34
27.10321,47
27.11332,51
27.12344,41
27.13355,46
27.14367,61
27.15378,46
27.16389,37
27.17401,60
27.18412,52
27.19423,52
27.20435,45
27.21446,60
27.22458,53
27.23469,58
27.2448,62
27.25492,62
27.26503,52
27.27514,54
27.28526,81
27.29537,70
27.30549,56
27.3156,48
27.32571,46
27.33583,66
27.34594,51
27.35606,42
27.36617,48
27.37628,72
27.3864,55
27.39651,52
27.40662,57
27.41674,61
27.42685,54
27.43697,62
27.44708,65
27.45719,49
27.46731,49
27.47742,55
27.48754,46
27.49765,45
27.50776,47
27.51788,58
27.52799,57
27.5381,49
27.54822,62
27.55833,59
27.56845,50
27.57856,61
27.58867,53
27.59879,75
27.6089,64
27.61901,49
27.62913,58
27.63924,55
27.64936,74
27.65947,68
27.66958,59
27.6797,64
27.68981,58
27.69993,63
27.71004,58
27.72015,61
27.73027,54
27.74038,51
27.75049,56
27.76061,52
27.77072,50
27.78084,67
27.79095,61
27.80106,52
27.81118,69
27.82129,67
27.83141,66
27.84152,51
27.85163,57
27.86175,62
27.87186,52
27.88197,66
27.89209,60
27.9022,67
27.91232,43
27.92243,55
27.93254,53
27.94266,56
27.95277,60
27.96288,70
27.973,59
27.98311,58
27.99323,58
28.00334,50
28.01345,69
28.02357,64
28.03368,65
28.0438,74
28.05391,61
28.06402,67
28.07414,61
28.08425,82
28.09436,57
28.10448,63
28.11459,86
28.12471,50
28.13482,72
28.14493,64
28.15505,50
28.16516,61
28.17528,51
28.18539,64
28.1955,52
28.20562,69
28.21573,62
28.22584,49
28.23596,74
28.24607,51
28.25619,57
28.2663,71
28.27641,58
28.28653,48
28.29664,67
28.30675,55
28.31687,78
28.32698,50
28.3371,44
28.34721,55
28.35732,55
28.36744,58
28.37755,60
28.38767,56
28.39778,56
28.40789,67
28.41801,61
28.42812,49
28.43823,67
28.44835,63
28.45846,61
28.46858,62
28.47869,57
28.4888,61
28.49892,56
28.50903,64
28.51915,58
28.52926,60
28.53937,64
28.54949,49
28.5596,75
28.56971,76
28.57983,78
28.58994,76
28.60006,59
28.61017,94
28.62028,79
28.6304,84
28.64051,94
28.65062,94
28.66074,91
28.67085,88
28.68097,77
28.69108,80
28.70119,100
28.71131,91
28.72142,101
28.73154,117
28.74165,102
28.75176,143
28.76188,138
28.77199,126
28.7821,145
28.79222,181
28.80233,139
28.81245,159
28.82256,174
28.83267,151
28.84279,165
28.8529,137
28.86302,156
28.87313,130
28.88324,135
28.89336,112
28.90347,117
28.91358,111
28.9237,106
28.93381,111
28.94393,93
28.95404,85
28.96415,91
28.97427,71
28.98438,82
28.9945,78
29.00461,74
29.01472,69
29.02484,63
29.03495,68
29.04506,63
29.05518,60
29.06529,65
29.07541,84
29.08552,72
29.09563,52
29.10575,65
29.11586,70
29.12597,71
29.13609,61
29.1462,56
29.15632,76
29.16643,63
29.17654,67
29.18666,77
29.19677,72
29.20689,70
29.217,60
29.22711,71
29.23723,79
29.24734,80
29.25745,83
29.26757,65
29.27768,65
29.2878,66
29.29791,63
29.30802,53
29.31814,61
29.32825,79
29.33837,73
29.34848,80
29.35859,59
29.36871,69
29.37882,59
29.38893,58
29.39905,64
29.40916,66
29.41928,81
29.42939,65
29.4395,51
29.44962,62
29.45973,54
29.46984,58
29.47996,60
29.49007,56
29.50019,69
29.5103,58
29.52041,59
29.53053,61
29.54064,71
29.55076,46
29.56087,67
29.57098,55
29.5811,60
29.59121,80
29.60132,63
29.61144,71
29.62155,54
29.63167,59
29.64178,63
29.65189,58
29.66201,65
29.67212,63
29.68224,73
29.69235,63
29.70246,67
29.71258,51
29.72269,56
29.7328,66
29.74292,68
29.75303,46
29.76315,70
29.77326,73
29.78337,48
29.79349,54
29.8036,62
29.81371,62
29.82383,54
29.83394,54
29.84406,68
29.85417,78
29.86428,60
29.8744,60
29.88451,59
29.89463,55
29.90474,77
29.91485,79
29.92497,62
29.93508,50
29.94519,66
29.95531,55
29.96542,59
29.97554,77
29.98565,81
29.99576,45
30.00588,61
30.01599,56
30.02611,44
30.03622,40
30.04633,61
30.05645,63
30.06656,56
30.07667,57
30.08679,58
30.0969,58
30.10702,51
30.11713,64
30.12724,52
30.13736,59
30.14747,52
30.15758,54
30.1677,64
30.17781,71
30.18793,54
30.19804,65
30.20815,64
30.21827,63
30.22838,54
30.2385,59
30.24861,53
30.25872,65
30.26884,57
30.27895,69
30.28906,43
30.29918,63
30.30929,46
30.31941,69
30.32952,68
30.33963,60
30.34975,58
30.35986,69
30.36998,55
30.38009,61
30.3902,71
30.40032,47
30.41043,46
30.42054,53
30.43066,34
30.44077,53
30.45089,61
30.461,75
30.47111,67
30.48123,72
30.49134,55
30.50145,59
30.51157,54
30.52168,69
30.5318,60
30.54191,62
30.55202,61
30.56214,47
30.57225,69
30.58237,50
30.59248,52
30.60259,60
30.61271,54
30.62282,61
30.63293,69
30.64305,47
30.65316,50
30.66328,62
30.67339,59
30.6835,54
30.69362,51
30.70373,48
30.71385,56
30.72396,74
30.73407,68
30.74419,55
30.7543,45
30.76441,55
30.77453,41
30.78464,58
30.79476,55
30.80487,58
30.81498,59
30.8251,62
30.83521,60
30.84532,53
30.85544,45
30.86555,53
30.87567,61
30.88578,63
30.89589,53
30.90601,57
30.91612,60
30.92624,65
30.93635,56
30.94646,70
30.95658,55
30.96669,50
30.9768,67
30.98692,55
30.99703,59
31.00715,52
31.01726,57
31.02737,56
31.03749,56
31.0476,42
31.05772,68
31.06783,64
31.07794,65
31.08806,55
31.09817,46
31.10828,70
31.1184,53
31.12851,65
31.13863,58
31.14874,53
31.15885,65
31.16897,45
31.17908,54
31.18919,64
31.19931,56
31.20942,66
31.21954,51
31.22965,59
31.23976,61
31.24988,62
31.25999,56
31.27011,62
31.28022,50
31.29033,39
31.30045,51
31.31056,55
31.32067,54
31.33079,48
31.3409,57
31.35102,50
31.36113,57
31.37124,60
31.38136,60
31.39147,54
31.40159,59
31.4117,60
31.42181,62
31.43193,55
31.44204,63
31.45215,48
31.46227,60
31.47238,69
31.4825,64
31.49261,60
31.50272,61
31.51284,56
31.52295,60
31.53306,71
31.54318,46
31.55329,61
31.56341,50
31.57352,48
31.58363,57
31.59375,53
31.60386,57
31.61398,57
31.62409,45
31.6342,49
31.64432,49
31.65443,59
31.66454,64
31.67466,50
31.68477,53
31.69489,60
31.705,50
31.71511,56
31.72523,55
31.73534,64
31.74546,80
31.75557,69
31.76568,63
31.7758,75
31.78591,67
31.79602,93
31.80614,70
31.81625,70
31.82637,81
31.83648,70
31.84659,71
31.85671,73
31.86682,81
31.87694,57
31.88705,83
31.89716,66
31.90728,78
31.91739,64
31.9275,73
31.93762,62
31.94773,63
31.95785,72
31.96796,51
31.97807,62
31.98819,51
31.9983,54
32.00841,65
32.01853,61
32.02864,83
32.03876,61
32.04887,64
32.05898,57
32.0691,42
32.07921,43
32.08933,44
32.09944,58
32.10955,57
32.11967,66
32.12978,63
32.13989,55
32.15001,53
32.16012,57
32.17024,43
32.18035,53
32.19046,42
32.20058,44
32.21069,53
32.22081,52
32.23092,53
32.24103,55
32.25115,55
32.26126,46
32.27137,55
32.28149,53
32.2916,55
32.30172,46
32.31183,58
32.32194,56
32.33206,44
32.34217,45
32.35228,50
32.3624,55
32.37251,49
32.38263,47
32.39274,47
32.40285,50
32.41297,69
32.42308,50
32.4332,50
32.44331,42
32.45342,45
32.46354,53
32.47365,51
32.48376,62
32.49388,62
32.50399,52
32.51411,36
32.52422,55
32.53433,47
32.54445,53
32.55456,49
32.56468,51
32.57479,44
32.5849,41
32.59502,41
32.60513,48
32.61524,39
32.62536,57
32.63547,45
32.64559,40
32.6557,50
32.66581,69
32.67593,57
32.68604,62
32.69615,48
32.70627,47
32.71638,57
32.7265,50
32.73661,44
32.74672,69
32.75684,51
32.76695,52
32.77707,48
32.78718,48
32.79729,50
32.80741,50
32.81752,54
32.82763,47
32.83775,47
32.84786,40
32.85798,34
32.86809,44
32.8782,47
32.88832,55
32.89843,38
32.90855,61
32.91866,65
32.92877,50
32.93889,46
32.949,47
32.95911,57
32.96923,56
32.97934,51
32.98946,68
32.99957,69
33.00968,74
33.0198,76
33.02991,77
33.04002,62
33.05014,81
33.06025,73
33.07037,67
33.08048,72
33.09059,68
33.10071,65
33.11082,74
33.12094,60
33.13105,66
33.14116,54
33.15128,62
33.16139,63
33.1715,58
33.18162,51
33.19173,43
33.20185,54
33.21196,41
33.22207,49
33.23219,56
33.2423,47
33.25242,62
33.26253,54
33.27264,49
33.28276,51
33.29287,47
33.30298,45
33.3131,51
33.32321,51
33.33333,53
33.34344,54
33.35355,55
33.36367,48
33.37378,47
33.38389,44
33.39401,50
33.40412,54
33.41424,62
33.42435,58
33.43446,56
33.44458,48
33.45469,61
33.46481,47
33.47492,49
33.48503,42
33.49515,51
33.50526,52
33.51537,52
33.52549,45
33.5356,55
33.54572,65
33.55583,50
33.56594,50
33.57606,51
33.58617,66
33.59629,54
33.6064,53
33.61651,54
33.62663,61
33.63674,70
33.64685,73
33.65697,77
33.66708,76
33.6772,97
33.68731,101
33.69742,109
33.70754,108
33.71765,142
33.72776,132
33.73788,121
33.74799,147
33.75811,124
33.76822,124
33.77833,123
33.78845,136
33.79856,164
33.80868,143
33.81879,127
33.8289,119
33.83902,147
33.84913,134
33.85924,131
33.86936,116
33.87947,105
33.88959,118
33.8997,99
33.90981,91
33.91993,75
33.93004,93
33.94016,64
33.95027,78
33.96038,64
33.9705,46
33.98061,67
33.99072,60
34.00084,70
34.01095,55
34.02107,45
34.03118,65
34.04129,52
34.05141,62
34.06152,50
34.07163,63
34.08175,43
34.09186,61
34.10198,62
34.11209,53
34.1222,48
34.13232,37
34.14243,53
34.15255,46
34.16266,50
34.17277,55
34.18289,56
34.193,41
34.20311,46
34.21323,32
34.22334,45
34.23346,43
34.24357,37
34.25368,43
34.2638,39
34.27391,54
34.28403,49
34.29414,60
34.30425,57
34.31437,59
34.32448,47
34.33459,44
34.34471,37
34.35482,41
34.36494,48
34.37505,36
34.38516,42
34.39528,46
34.40539,42
34.4155,41
34.42562,32
34.43573,36
34.44585,47
34.45596,50
34.46607,38
34.47619,45
34.4863,45
34.49642,46
34.50653,46
34.51664,45
34.52676,42
34.53687,42
34.54698,40
34.5571,36
34.56721,44
34.57733,35
34.58744,33
34.59755,39
34.60767,39
34.61778,55
34.6279,51
34.63801,44
34.64812,47
34.65824,48
34.66835,39
34.67846,52
34.68858,41
34.69869,52
34.70881,39
34.71892,63
34.72903,32
34.73915,38
34.74926,55
34.75938,46
34.76949,38
34.7796,35
34.78972,52
34.79983,47
34.80994,41
34.82006,42
34.83017,40
34.84029,53
34.8504,46
34.86051,36
34.87063,37
34.88074,53
34.89085,36
34.90097,47
34.91108,37
34.9212,33
34.93131,50
34.94142,47
34.95154,54
34.96165,59
34.97177,37
34.98188,57
34.99199,52
35.00211,38
35.01222,47
35.02233,48
35.03245,56
35.04256,53
35.05268,37
35.06279,45
35.0729,43
35.08302,41
35.09313,32
35.10325,43
35.11336,37
35.12347,37
35.13359,36
35.1437,34
35.15381,51
35.16393,42
35.17404,34
35.18416,35
35.19427,35
35.20438,49
35.2145,44
35.22461,38
35.23472,44
35.24484,37
35.25495,43
35.26507,48
35.27518,40
35.28529,49
35.29541,54
35.30552,57
35.31564,56
35.32575,40
35.33586,54
35.34598,56
35.35609,54
35.3662,61
35.37632,66
35.38643,59
35.39655,50
35.40666,70
35.41677,93
35.42689,57
35.437,50
35.44712,64
35.45723,62
35.46734,55
35.47746,56
35.48757,65
35.49768,56
35.5078,61
35.51791,49
35.52803,54
35.53814,43
35.54825,50
35.55837,54
35.56848,38
35.57859,45
35.58871,43
35.59882,42
35.60894,49
35.61905,25
35.62916,41
35.63928,50
35.64939,49
35.65951,37
35.66962,37
35.67973,34
35.68985,39
35.69996,49
35.71007,38
35.72019,38
35.7303,43
35.74042,32
35.75053,44
35.76064,39
35.77076,34
35.78087,21
35.79099,51
35.8011,40
35.81121,45
35.82133,37
35.83144,41
35.84155,46
35.85167,39
35.86178,40
35.8719,48
35.88201,31
35.89212,33
35.90224,42
35.91235,35
35.92246,32
35.93258,36
35.94269,34
35.95281,32
35.96292,42
35.97303,32
35.98315,49
35.99326,49
36.00338,49
36.01349,28
36.0236,34
36.03372,49
36.04383,46
36.05394,43
36.06406,26
36.07417,34
36.08429,33
36.0944,35
36.10451,45
36.11463,49
36.12474,36
36.13486,51
36.14497,42
36.15508,45
36.1652,38
36.17531,50
36.18542,46
36.19554,33
36.20565,44
36.21577,41
36.22588,43
36.23599,49
36.24611,46
36.25622,33
36.26633,33
36.27645,37
36.28656,33
36.29668,37
36.30679,34
36.3169,44
36.32702,33
36.33713,29
36.34725,34
36.35736,35
36.36747,48
36.37759,33
36.3877,36
36.39781,41
36.40793,36
36.41804,44
36.42816,43
36.43827,34
36.44838,33
36.4585,37
36.46861,41
36.47873,40
36.48884,41
36.49895,39
36.50907,39
36.51918,34
36.52929,41
36.53941,40
36.54952,32
36.55964,37
36.56975,42
36.57986,28
36.58998,38
36.60009,48
36.6102,36
36.62032,31
36.63043,33
36.64055,34
36.65066,36
36.66077,33
36.67089,38
36.681,46
36.69112,41
36.70123,30
36.71134,32
36.72146,36
36.73157,37
36.74168,37
36.7518,42
36.76191,43
36.77203,37
36.78214,38
36.79225,42
36.80237,24
36.81248,39
36.8226,33
36.83271,37
36.84282,34
36.85294,31
36.86305,29
36.87316,41
36.88328,26
36.89339,37
36.90351,35
36.91362,37
36.92373,39
36.93385,52
36.94396,31
36.95407,36
36.96419,37
36.9743,50
36.98442,33
36.99453,32
37.00464,40
37.01476,31
37.02487,31
37.03499,32
37.0451,31
37.05521,32
37.06533,54
37.07544,40
37.08555,26
37.09567,41
37.10578,31
37.1159,34
37.12601,34
37.13612,46
37.14624,38
37.15635,37
37.16647,32
37.17658,44
37.18669,37
37.19681,39
37.20692,32
37.21703,39
37.22715,39
37.23726,42
37.24738,41
37.25749,27
37.2676,34
37.27772,38
37.28783,22
37.29795,32
37.30806,39
37.31817,33
37.32829,41
37.3384,43
37.34851,32
37.35863,45
37.36874,36
37.37886,37
37.38897,34
37.39908,28
37.4092,36
37.41931,32
37.42942,35
37.43954,29
37.44965,48
37.45977,35
37.46988,35
37.47999,25
37.49011,36
37.50022,29
37.51034,39
37.52045,31
37.53056,29
37.54068,33
37.55079,44
37.5609,31
37.57102,44
37.58113,36
37.59125,42
37.60136,28
37.61147,28
37.62159,35
37.6317,33
37.64182,33
37.65193,33
37.66204,44
37.67216,33
37.68227,31
37.69238,34
37.7025,33
37.71261,37
37.72273,36
37.73284,30
37.74295,34
37.75307,28
37.76318,38
37.77329,27
37.78341,28
37.79352,43
37.80364,26
37.81375,30
37.82386,49
37.83398,29
37.84409,41
37.85421,39
37.86432,30
37.87443,29
37.88455,43
37.89466,48
37.90477,42
37.91489,34
37.925,35
37.93512,32
37.94523,34
37.95534,34
37.96546,36
37.97557,48
37.98569,35
37.9958,40
38.00591,31
38.01603,37
38.02614,28
38.03625,37
38.04637,30
38.05648,33
38.0666,30
38.07671,21
38.08682,36
38.09694,34
38.10705,38
38.11716,30
38.12728,43
38.13739,34
38.14751,38
38.15762,34
38.16773,45
38.17785,31
38.18796,29
38.19808,28
38.20819,37
38.2183,40
38.22842,42
38.23853,38
38.24864,32
38.25876,27
38.26887,42
38.27899,33
38.2891,33
38.29921,44
38.30933,34
38.31944,35
38.32956,44
38.33967,34
38.34978,37
38.3599,40
38.37001,36
38.38012,39
38.39024,40
38.40035,35
38.41047,47
38.42058,46
38.43069,34
38.44081,34
38.45092,39
38.46103,32
38.47115,26
38.48126,34
38.49138,30
38.50149,30
38.5116,33
38.52172,34
38.53183,32
38.54195,44
38.55206,45
38.56217,21
38.57229,27
38.5824,49
38.59251,39
38.60263,33
38.61274,33
38.62286,33
38.63297,38
38.64308,34
38.6532,34
38.66331,36
38.67343,29
38.68354,44
38.69365,49
38.70377,38
38.71388,37
38.72399,38
38.73411,61
38.74422,39
38.75434,42
38.76445,37
38.77456,37
38.78468,42
38.79479,39
38.8049,38
38.81502,49
38.82513,44
38.83525,41
38.84536,50
38.85547,37
38.86559,50
38.8757,46
38.88582,39
38.89593,42
38.90604,37
38.91616,38
38.92627,41
38.93638,35
38.9465,30
38.95661,41
38.96673,31
38.97684,33
38.98695,46
38.99707,33
39.00718,36
39.0173,41
39.02741,40
39.03752,33
39.04764,28
39.05775,40
39.06786,47
39.07798,29
39.08809,25
39.09821,35
39.10832,40
39.11843,26
39.12855,26
39.13866,42
39.14877,30
39.15889,34
39.169,47
39.17912,31
39.18923,37
39.19934,28
39.20946,44
39.21957,32
39.22969,37
39.2398,33
39.24991,45
39.26003,45
39.27014,30
39.28025,39
39.29037,32
39.30048,42
39.3106,39
39.32071,37
39.33082,37
39.34094,26
39.35105,43
39.36117,26
39.37128,51
39.38139,43
39.39151,33
39.40162,35
39.41173,29
39.42185,36
39.43196,38
39.44208,39
39.45219,37
39.4623,33
39.47242,43
39.48253,28
39.49264,38
39.50276,30
39.51287,45
39.52299,40
39.5331,26
39.54321,40
39.55333,37
39.56344,32
39.57356,22
39.58367,28
39.59378,34
39.6039,40
39.61401,36
39.62412,33
39.63424,40
39.64435,38
39.65447,38
39.66458,34
39.67469,45
39.68481,33
39.69492,29
39.70504,46
39.71515,37
39.72526,33
39.73538,37
39.74549,37
39.7556,27
39.76572,29
39.77583,36
39.78595,37
39.79606,39
39.80617,19
39.81629,26
39.8264,40
39.83651,40
39.84663,37
39.85674,30
39.86686,30
39.87697,33
39.88708,47
39.8972,30
39.90731,44
39.91743,34
39.92754,34
39.93765,45
39.94777,33
39.95788,46
39.96799,33
39.97811,27
39.98822,37
39.99834,37
40.00845,37
40.01856,40
40.02868,37
40.03879,39
40.04891,34
40.05902,44
40.06913,36
40.07925,34
40.08936,50
40.09947,29
40.10959,49
40.1197,41
40.12982,30
40.13993,23
40.15004,35
40.16016,28
40.17027,26
40.18039,41
40.1905,32
40.20061,26
40.21073,26
40.22084,32
40.23095,37
40.24107,33
40.25118,48
40.2613,39
40.27141,40
40.28152,38
40.29164,35
40.30175,35
40.31186,36
40.32198,39
40.33209,41
40.34221,30
40.35232,42
40.36243,56
40.37255,36
40.38266,42
40.39278,27
40.40289,40
40.413,33
40.42312,32
40.43323,27
40.44334,35
40.45346,31
40.46357,32
40.47369,32
40.4838,36
40.49391,46
40.50403,35
40.51414,26
40.52426,30
40.53437,30
40.54448,38
40.5546,36
40.56471,32
40.57482,19
40.58494,29
40.59505,25
40.60517,31
40.61528,30
40.62539,32
40.63551,31
40.64562,27
40.65573,49
40.66585,31
40.67596,34
40.68608,28
40.69619,24
40.7063,29
40.71642,32
40.72653,30
40.73665,39
40.74676,28
40.75687,32
40.76699,56
40.7771,26
40.78721,33
40.79733,39
40.80744,44
40.81756,40
40.82767,36
40.83778,47
40.8479,33
40.85801,28
40.86813,37
40.87824,28
40.88835,30
40.89847,38
40.90858,32
40.91869,26
40.92881,28
40.93892,35
40.94904,28
40.95915,31
40.96926,34
40.97938,36
40.98949,41
40.9996,36
41.00972,39
41.01983,29
41.02995,41
41.04006,30
41.05017,41
41.06029,34
41.0704,44
41.08052,48
41.09063,43
41.10074,34
41.11086,26
41.12097,34
41.13108,34
41.1412,30
41.15131,31
41.16143,25
41.17154,34
41.18165,41
41.19177,42
41.20188,44
41.212,34
41.22211,38
41.23222,33
41.24234,38
41.25245,36
41.26256,42
41.27268,32
41.28279,26
41.29291,41
41.30302,35
41.31313,34
41.32325,42
41.33336,33
41.34347,34
41.35359,37
41.3637,49
41.37382,38
41.38393,43
41.39404,29
41.40416,47
41.41427,32
41.42439,40
41.4345,34
41.44461,47
41.45473,36
41.46484,35
41.47495,30
41.48507,31
41.49518,29
41.5053,28
41.51541,32
41.52552,27
41.53564,39
41.54575,29
41.55587,36
41.56598,35
41.57609,40
41.58621,30
41.59632,36
41.60643,28
41.61655,33
41.62666,30
41.63678,35
41.64689,32
41.657,20
41.66712,22
41.67723,39
41.68734,42
41.69746,25
41.70757,41
41.71769,32
41.7278,25
41.73791,47
41.74803,19
41.75814,36
41.76826,40
41.77837,36
41.78848,29
41.7986,39
41.80871,45
41.81882,44
41.82894,33
41.83905,34
41.84917,28
41.85928,30
41.86939,23
41.87951,28
41.88962,34
41.89974,27
41.90985,32
41.91996,34
41.93008,35
41.94019,29
41.9503,36
41.96042,31
41.97053,25
41.98065,33
41.99076,17
42.00087,32
42.01099,20
42.0211,32
42.03121,37
42.04133,35
42.05144,38
42.06156,28
42.07167,37
42.08178,33
42.0919,36
42.10201,30
42.11213,42
42.12224,24
42.13235,32
42.14247,29
42.15258,38
42.16269,31
42.17281,40
42.18292,32
42.19304,38
42.20315,34
42.21326,33
42.22338,23
42.23349,28
42.24361,25
42.25372,30
42.26383,40
42.27395,38
42.28406,26
42.29417,24
42.30429,20
42.3144,42
42.32452,40
42.33463,40
42.34474,32
42.35486,33
42.36497,24
42.37508,42
42.3852,35
42.39531,31
42.40543,33
42.41554,32
42.42565,37
42.43577,37
42.44588,30
42.456,25
42.46611,25
42.47622,36
42.48634,31
42.49645,46
42.50656,28
42.51668,39
42.52679,26
42.53691,31
42.54702,34
42.55713,38
42.56725,25
42.57736,43
42.58748,32
42.59759,29
42.6077,32
42.61782,26
42.62793,33
42.63804,30
42.64816,28
42.65827,27
42.66839,34
42.6785,28
42.68861,25
42.69873,24
42.70884,46
42.71896,29
42.72907,29
42.73918,38
42.7493,30
42.75941,25
42.76952,33
42.77964,31
42.78975,31
42.79987,27
42.80998,27
42.82009,39
42.83021,36
42.84032,27
42.85043,25
42.86055,35
42.87066,32
42.88078,30
42.89089,37
42.901,37
42.91112,26
42.92123,27
42.93135,40
42.94146,25
42.95157,34
42.96169,32
42.9718,30
42.98191,26
42.99203,29
43.00214,46
43.01226,27
43.02237,47
43.03248,36
43.0426,15
43.05271,37
43.06283,26
43.07294,26
43.08305,33
43.09317,31
43.10328,27
43.11339,31
43.12351,33
43.13362,23
43.14374,32
43.15385,36
43.16396,34
43.17408,37
43.18419,35
43.1943,31
43.20442,29
43.21453,29
43.22465,21
43.23476,25
43.24487,31
43.25499,23
43.2651,35
43.27522,27
43.28533,30
43.29544,25
43.30556,21
43.31567,34
43.32578,39
43.3359,36
43.34601,20
43.35613,36
43.36624,29
43.37635,35
43.38647,20
43.39658,31
43.4067,41
43.41681,36
43.42692,32
43.43704,47
43.44715,33
43.45726,34
43.46738,30
43.47749,36
43.48761,28
43.49772,26
43.50783,25
43.51795,27
43.52806,30
43.53817,29
43.54829,36
43.5584,32
43.56852,47
43.57863,36
43.58874,36
43.59886,41
43.60897,40
43.61909,28
43.6292,40
43.63931,39
43.64943,36
43.65954,35
43.66965,25
43.67977,39
43.68988,27
43.7,30
43.71011,36
43.72022,39
43.73034,25
43.74045,34
43.75057,26
43.76068,39
43.77079,33
43.78091,27
43.79102,40
43.80113,41
43.81125,43
43.82136,37
43.83148,50
43.84159,44
43.8517,42
43.86182,38
43.87193,48
43.88204,32
43.89216,22
43.90227,34
43.91239,36
43.9225,34
43.93261,38
43.94273,34
43.95284,37
43.96296,31
43.97307,46
43.98318,28
43.9933,32
44.00341,44
44.01352,26
44.02364,35
44.03375,33
44.04387,31
44.05398,34
44.06409,28
44.07421,34
44.08432,31
44.09444,33
44.10455,24
44.11466,31
44.12478,38
44.13489,36
44.145,37
44.15512,26
44.16523,38
44.17535,34
44.18546,30
44.19557,25
44.20569,33
44.2158,29
44.22591,31
44.23603,24
44.24614,30
44.25626,34
44.26637,32
44.27648,34
44.2866,26
44.29671,27
44.30683,36
44.31694,37
44.32705,34
44.33717,34
44.34728,33
44.35739,34
44.36751,38
44.37762,35
44.38774,46
44.39785,42
44.40796,43
44.41808,44
44.42819,38
44.43831,58
44.44842,37
44.45853,43
44.46865,45
44.47876,42
44.48887,41
44.49899,45
44.5091,60
44.51922,46
44.52933,48
44.53944,42
44.54956,38
44.55967,28
44.56978,38
44.5799,31
44.59001,35
44.60013,47
44.61024,33
44.62035,41
44.63047,31
44.64058,49
44.6507,29
44.66081,27
44.67092,25
44.68104,35
44.69115,36
44.70126,32
44.71138,36
44.72149,32
44.73161,37
44.74172,30
44.75183,26
44.76195,32
44.77206,24
44.78218,29
44.79229,21
44.8024,24
44.81252,30
44.82263,40
44.83274,30
44.84286,31
44.85297,39
44.86309,34
44.8732,24
44.88331,23
44.89343,33
44.90354,38
44.91365,39
44.92377,30
44.93388,30
44.944,42
44.95411,36
44.96422,24
44.97434,45
44.98445,38
44.99457,22
45.00468,37
45.01479,29
45.02491,29
45.03502,34
45.04513,25
45.05525,27
45.06536,27
45.07548,28
45.08559,30
45.0957,26
45.10582,33
45.11593,31
45.12605,29
45.13616,31
45.14627,34
45.15639,28
45.1665,28
45.17661,13
45.18673,32
45.19684,22
45.20696,17
45.21707,28
45.22718,35
45.2373,24
45.24741,25
45.25752,32
45.26764,26
45.27775,28
45.28787,34
45.29798,32
45.30809,22
45.31821,25
45.32832,37
45.33844,30
45.34855,22
45.35866,27
45.36878,22
45.37889,22
45.389,30
45.39912,32
45.40923,24
45.41935,27
45.42946,34
45.43957,29
45.44969,21
45.4598,30
45.46992,33
45.48003,27
45.49014,33
45.50026,35
45.51037,25
45.52048,32
45.5306,22
45.54071,28
45.55083,29
45.56094,28
45.57105,27
45.58117,28
45.59128,27
45.6014,31
45.61151,26
45.62162,25
45.63174,23
45.64185,24
45.65196,18
45.66208,28
45.67219,26
45.68231,21
45.69242,23
45.70253,37
45.71265,25
45.72276,21
45.73287,22
45.74299,19
45.7531,25
45.76322,25
45.77333,33
45.78344,33
45.79356,27
45.80367,33
45.81379,24
45.8239,27
45.83401,19
45.84413,22
45.85424,26
45.86435,25
45.87447,39
45.88458,19
45.8947,24
45.90481,25
45.91492,32
45.92504,21
45.93515,23
45.94527,18
45.95538,31
45.96549,24
45.97561,30
45.98572,16
45.99583,32
46.00595,20
46.01606,27
46.02618,28
46.03629,20
46.0464,24
46.05652,19
46.06663,33
46.07674,29
46.08686,23
46.09697,30
46.10709,24
46.1172,21
46.12731,23
46.13743,35
46.14754,29
46.15766,31
46.16777,27
46.17788,26
46.188,26
46.19811,24
46.20822,30
46.21834,30
46.22845,23
46.23857,24
46.24868,19
46.25879,24
46.26891,26
46.27902,25
46.28914,41
46.29925,24
46.30936,26
46.31948,25
46.32959,31
46.3397,32
46.34982,24
46.35993,24
46.37005,23
46.38016,25
46.39027,31
46.40039,30
46.4105,25
46.42061,21
46.43073,24
46.44084,24
46.45096,31
46.46107,27
46.47118,31
46.4813,35
46.49141,24
46.50153,18
46.51164,21
46.52175,29
46.53187,29
46.54198,22
46.55209,19
46.56221,30
46.57232,24
46.58244,30
46.59255,23
46.60266,29
46.61278,23
46.62289,28
46.63301,33
46.64312,23
46.65323,29
46.66335,41
46.67346,30
46.68357,24
46.69369,19
46.7038,17
46.71392,30
46.72403,20
46.73414,35
46.74426,23
46.75437,29
46.76448,18
46.7746,22
46.78471,19
46.79483,22
46.80494,20
46.81505,29
46.82517,24
46.83528,33
46.8454,31
46.85551,22
46.86562,30
46.87574,26
46.88585,28
46.89596,18
46.90608,23
46.91619,20
46.92631,34
46.93642,25
46.94653,20
46.95665,22
46.96676,29
46.97688,20
46.98699,25
46.9971,20
47.00722,33
47.01733,20
47.02744,30
47.03756,32
47.04767,36
47.05779,16
47.0679,35
47.07801,25
47.08813,32
47.09824,39
47.10835,32
47.11847,29
47.12858,37
47.1387,29
47.14881,15
47.15892,22
47.16904,18
47.17915,22
47.18927,24
47.19938,32
47.20949,18
47.21961,23
47.22972,30
47.23983,26
47.24995,29
47.26006,28
47.27018,26
47.28029,19
47.2904,31
47.30052,32
47.31063,33
47.32075,25
47.33086,34
47.34097,39
47.35109,35
47.3612,34
47.37131,26
47.38143,32
47.39154,35
47.40166,33
47.41177,33
47.42188,47
47.432,29
47.44211,49
47.45222,36
47.46234,43
47.47245,32
47.48257,42
47.49268,47
47.50279,31
47.51291,40
47.52302,33
47.53314,44
47.54325,34
47.55336,39
47.56348,36
47.57359,31
47.5837,34
47.59382,34
47.60393,25
47.61405,34
47.62416,23
47.63427,31
47.64439,29
47.6545,34
47.66462,29
47.67473,33
47.68484,24
47.69496,34
47.70507,23
47.71518,29
47.7253,29
47.73541,30
47.74553,26
47.75564,35
47.76575,24
47.77587,38
47.78598,33
47.79609,26
47.80621,29
47.81632,31
47.82644,27
47.83655,35
47.84666,38
47.85678,30
47.86689,39
47.87701,46
47.88712,43
47.89723,42
47.90735,37
47.91746,53
47.92757,33
47.93769,48
47.9478,44
47.95792,37
47.96803,39
47.97814,44
47.98826,44
47.99837,54
48.00849,33
48.0186,40
48.02871,51
48.03883,42
48.04894,37
48.05905,38
48.06917,33
48.07928,41
48.0894,40
48.09951,41
48.10962,29
48.11974,47
48.12985,35
48.13997,44
48.15008,27
48.16019,31
48.17031,24
48.18042,31
48.19053,34
48.20065,31
48.21076,32
48.22088,26
48.23099,36
48.2411,22
48.25122,34
48.26133,29
48.27144,15
48.28156,27
48.29167,41
48.30179,26
48.3119,24
48.32201,24
48.33213,28
48.34224,19
48.35236,24
48.36247,28
48.37258,29
48.3827,26
48.39281,23
48.40292,31
48.41304,28
48.42315,29
48.43327,35
48.44338,22
48.45349,29
48.46361,21
48.47372,22
48.48384,18
48.49395,18
48.50406,38
48.51418,26
48.52429,31
48.5344,19
48.54452,23
48.55463,33
48.56475,37
48.57486,25
48.58497,19
48.59509,25
48.6052,20
48.61531,22
48.62543,29
48.63554,23
48.64566,30
48.65577,32
48.66588,22
48.676,24
48.68611,44
48.69623,18
48.70634,25
48.71645,29
48.72657,24
48.73668,27
48.74679,24
48.75691,26
48.76702,20
48.77714,27
48.78725,23
48.79736,19
48.80748,19
48.81759,19
48.82771,22
48.83782,29
48.84793,34
48.85805,23
48.86816,13
48.87827,30
48.88839,34
48.8985,20
48.90862,30
48.91873,23
48.92884,28
48.93896,28
48.94907,30
48.95918,36
48.9693,33
48.97941,42
48.98953,31
48.99964,38
49.00975,30
49.01987,38
49.02998,32
49.0401,23
49.05021,35
49.06032,21
49.07044,33
49.08055,37
49.09066,33
49.10078,37
49.11089,36
49.12101,49
49.13112,34
49.14123,25
49.15135,26
49.16146,30
49.17158,29
49.18169,37
49.1918,28
49.20192,28
49.21203,23
49.22214,24
49.23226,31
49.24237,35
49.25249,37
49.2626,20
49.27271,29
49.28283,22
49.29294,24
49.30305,25
49.31317,27
49.32328,22
49.3334,22
49.34351,23
49.35362,33
49.36374,20
49.37385,24
49.38397,22
49.39408,25
49.40419,25
49.41431,18
49.42442,34
49.43453,26
49.44465,18
49.45476,29
49.46488,29
49.47499,21
49.4851,24
49.49522,14
49.50533,23
49.51545,29
49.52556,23
49.53567,26
49.54579,35
49.5559,26
49.56601,20
49.57613,21
49.58624,20
49.59636,29
49.60647,25
49.61658,24
49.6267,20
49.63681,25
49.64692,20
49.65704,25
49.66715,26
49.67727,23
49.68738,26
49.69749,22
49.70761,24
49.71772,25
49.72784,20
49.73795,20
49.74806,24
49.75818,18
49.76829,23
49.7784,13
49.78852,23
49.79863,17
49.80875,25
49.81886,28
49.82897,17
49.83909,19
49.8492,11
49.85932,16
49.86943,18
49.87954,27
49.88966,18
49.89977,17
49.90988,21
49.92,17
49.93011,23
49.94023,22
49.95034,18
49.96045,18
49.97057,20
49.98068,21
49.99079,24
50.00091,29
50.01102,20
50.02114,21
50.03125,18
50.04136,21
50.05148,22
50.06159,28
50.07171,28
50.08182,28
50.09193,19
50.10205,22
50.11216,18
50.12227,23
50.13239,19
50.1425,25
50.15262,25
50.16273,26
50.17284,25
50.18296,27
50.19307,26
50.20319,12
50.2133,24
50.22341,23
50.23353,14
50.24364,19
50.25375,13
50.26387,19
50.27398,22
50.2841,15
50.29421,26
50.30432,23
50.31444,22
50.32455,21
50.33466,15
50.34478,26
50.35489,26
50.36501,20
50.37512,22
50.38523,17
50.39535,22
50.40546,23
50.41558,20
50.42569,14
50.4358,16
50.44592,14
50.45603,15
50.46614,26
50.47626,24
50.48637,14
50.49649,24
50.5066,18
50.51671,22
50.52683,18
50.53694,25
50.54706,13
50.55717,25
50.56728,24
50.5774,18
50.58751,9
50.59762,24
50.60774,15
50.61785,23
50.62797,15
50.63808,18
50.64819,21
50.65831,20
50.66842,25
50.67853,23
50.68865,21
50.69876,19
50.70888,20
50.71899,23
50.7291,23
50.73922,15
50.74933,18
50.75945,22
50.76956,25
50.77967,25
50.78979,19
50.7999,24
50.81001,20
50.82013,24
50.83024,29
50.84036,19
50.85047,18
50.86058,30
50.8707,17
50.88081,17
50.89093,11
50.90104,15
50.91115,21
50.92127,17
50.93138,15
50.94149,23
50.95161,20
50.96172,16
50.97184,21
50.98195,21
50.99206,18
51.00218,11
51.01229,24
51.02241,21
51.03252,17
51.04263,17
51.05275,29
51.06286,13
51.07297,15
51.08309,17
51.0932,16
51.10332,21
51.11343,17
51.12354,26
51.13366,23
51.14377,15
51.15388,12
51.164,19
51.17411,18
51.18423,16
51.19434,14
51.20445,16
51.21457,24
51.22468,24
51.2348,19
51.24491,24
51.25502,19
51.26514,15
51.27525,14
51.28536,13
51.29548,13
51.30559,20
51.31571,19
51.32582,20
51.33593,27
51.34605,16
51.35616,18
51.36628,19
51.37639,23
51.3865,13
51.39662,31
51.40673,23
51.41684,21
51.42696,25
51.43707,21
51.44719,20
51.4573,24
51.46741,25
51.47753,8
51.48764,24
51.49775,18
51.50787,28
51.51798,18
51.5281,27
51.53821,18
51.54832,24
51.55844,23
51.56855,16
51.57867,18
51.58878,20
51.59889,19
51.60901,17
51.61912,21
51.62923,25
51.63935,17
51.64946,19
51.65958,26
51.66969,22
51.6798,20
51.68992,16
51.70003,12
51.71015,22
51.72026,20
51.73037,25
51.74049,19
51.7506,25
51.76071,26
51.77083,30
51.78094,14
51.79106,27
51.80117,30
51.81128,27
51.8214,25
51.83151,16
51.84162,27
51.85174,22
51.86185,15
51.87197,17
51.88208,19
51.89219,23
51.90231,17
51.91242,16
51.92254,12
51.93265,19
51.94276,22
51.95288,20
51.96299,17
51.9731,15
51.98322,24
51.99333,20
52.00345,23
52.01356,22
52.02367,17
52.03379,23
52.0439,19
52.05402,25
52.06413,21
52.07424,26
52.08436,25
52.09447,21
52.10458,22
52.1147,26
52.12481,15
52.13493,20
52.14504,23
52.15515,20
52.16527,25
52.17538,22
52.18549,18
52.19561,17
52.20572,18
52.21584,16
52.22595,10
52.23606,22
52.24618,15
52.25629,24
52.26641,25
52.27652,16
52.28663,25
52.29675,21
52.30686,29
52.31697,18
52.32709,16
52.3372,25
52.34732,22
52.35743,11
52.36754,24
52.37766,19
52.38777,19
52.39789,27
52.408,35
52.41811,40
52.42823,27
52.43834,33
52.44845,30
52.45857,26
52.46868,30
52.4788,28
52.48891,40
52.49902,42
52.50914,41
52.51925,35
52.52936,37
52.53948,27
52.54959,41
52.55971,39
52.56982,31
52.57993,40
52.59005,34
52.60016,26
52.61028,34
52.62039,45
52.6305,34
52.64062,25
52.65073,26
52.66084,36
52.67096,37
52.68107,35
52.69119,27
52.7013,33
52.71141,48
52.72153,24
52.73164,29
52.74176,24
52.75187,33
52.76198,25
52.7721,24
52.78221,22
52.79232,22
52.80244,22
52.81255,25
52.82267,32
52.83278,23
52.84289,10
52.85301,17
52.86312,27
52.87323,28
52.88335,23
52.89346,18
52.90358,19
52.91369,28
52.9238,22
52.93392,25
52.94403,14
52.95415,31
52.96426,18
52.97437,17
52.98449,17
52.9946,19
53.00471,25
53.01483,19
53.02494,13
53.03506,12
53.04517,18
53.05528,22
53.0654,7
53.07551,27
53.08563,21
53.09574,24
53.10585,19
53.11597,16
53.12608,15
53.13619,15
53.14631,14
53.15642,19
53.16654,17
53.17665,13
53.18676,16
53.19688,20
53.20699,23
53.2171,18
53.22722,18
53.23733,13
53.24745,12
53.25756,17
53.26767,27
53.27779,29
53.2879,15
53.29802,13
53.30813,23
53.31824,15
53.32836,15
53.33847,23
53.34858,14
53.3587,23
53.36881,16
53.37893,13
53.38904,25
53.39915,25
53.40927,16
53.41938,22
53.4295,10
53.43961,27
53.44972,15
53.45984,13
53.46995,15
53.48006,22
53.49018,27
53.50029,18
53.51041,23
53.52052,27
53.53063,17
53.54075,18
53.55086,19
53.56098,16
53.57109,22
53.5812,14
53.59132,15
53.60143,15
53.61154,17
53.62166,21
53.63177,16
53.64189,17
53.652,17
53.66211,17
53.67223,16
53.68234,14
53.69245,15
53.70257,28
53.71268,18
53.7228,17
53.73291,22
53.74302,17
53.75314,19
53.76325,19
53.77337,15
53.78348,17
53.79359,21
53.80371,20
53.81382,14
53.82393,19
53.83405,22
53.84416,15
53.85428,21
53.86439,27
53.8745,22
53.88462,23
53.89473,19
53.90485,16
53.91496,20
53.92507,25
53.93519,20
53.9453,25
53.95541,14
53.96553,30
53.97564,20
53.98576,22
53.99587,20
54.00598,17
54.0161,19
54.02621,18
54.03632,15
54.04644,17
54.05655,19
54.06667,12
54.07678,25
54.08689,19
54.09701,20
54.10712,21
54.11724,21
54.12735,16
54.13746,22
54.14758,10
54.15769,19
54.1678,13
54.17792,23
54.18803,16
54.19815,12
54.20826,25
54.21837,22
54.22849,28
54.2386,18
54.24872,17
54.25883,15
54.26894,19
54.27906,21
54.28917,22
54.29928,22
54.3094,17
54.31951,20
54.32963,22
54.33974,18
54.34985,17
54.35997,24
54.37008,20
54.38019,8
54.39031,17
54.40042,21
54.41054,17
54.42065,16
54.43076,22
54.44088,21
54.45099,12
54.46111,19
54.47122,21
54.48133,18
54.49145,18
54.50156,23
54.51167,18
54.52179,22
54.5319,16
54.54202,17
54.55213,22
54.56224,25
54.57236,20
54.58247,20
54.59259,12
54.6027,12
54.61281,17
54.62293,20
54.63304,19
54.64315,18
54.65327,13
54.66338,11
54.6735,16
54.68361,15
54.69372,12
54.70384,15
54.71395,18
54.72406,25
54.73418,15
54.74429,14
54.75441,20
54.76452,22
54.77463,16
54.78475,17
54.79486,14
54.80498,12
54.81509,17
54.8252,16
54.83532,17
54.84543,18
54.85554,23
54.86566,27
54.87577,20
54.88589,25
54.896,15
54.90611,17
54.91623,30
54.92634,14
54.93646,16
54.94657,17
54.95668,18
54.9668,18
54.97691,25
54.98702,14
54.99714,18
55.00725,18
55.01737,22
55.02748,22
55.03759,14
55.04771,21
55.05782,11
55.06793,26
55.07805,21
55.08816,13
55.09828,17
55.10839,13
55.1185,21
55.12862,16
55.13873,20
55.14885,32
55.15896,17
55.16907,20
55.17919,19
55.1893,18
55.19941,16
55.20953,17
55.21964,24
55.22976,22
55.23987,16
55.24998,12
55.2601,24
55.27021,17
55.28033,15
55.29044,17
55.30055,12
55.31067,20
55.32078,19
55.33089,15
55.34101,12
55.35112,13
55.36124,6
55.37135,13
55.38146,12
55.39158,14
55.40169,21
55.4118,17
55.42192,23
55.43203,14
55.44215,11
55.45226,19
55.46237,16
55.47249,15
55.4826,14
55.49272,21
55.50283,24
55.51294,19
55.52306,11
55.53317,15
55.54328,16
55.5534,22
55.56351,14
55.57363,16
55.58374,17
55.59385,12
55.60397,10
55.61408,15
55.6242,12
55.63431,18
55.64442,16
55.65454,13
55.66465,21
55.67476,13
55.68488,19
55.69499,22
55.70511,13
55.71522,25
55.72533,19
55.73545,13
55.74556,19
55.75567,14
55.76579,24
55.7759,16
55.78602,22
55.79613,19
55.80624,19
55.81636,20
55.82647,21
55.83659,21
55.8467,14
55.85681,17
55.86693,14
55.87704,21
55.88715,27
55.89727,28
55.90738,19
55.9175,17
55.92761,27
55.93772,23
55.94784,24
55.95795,26
55.96807,24
55.97818,21
55.98829,20
55.99841,16
56.00852,15
56.01863,17
56.02875,18
56.03886,22
56.04898,21
56.05909,19
56.0692,14
56.07932,17
56.08943,22
56.09954,22
56.10966,14
56.11977,19
56.12989,16
56.14,22
56.15011,22
56.16023,25
56.17034,17
56.18046,24
56.19057,17
56.20068,15
56.2108,17
56.22091,20
56.23102,20
56.24114,23
56.25125,17
56.26137,16
56.27148,14
56.28159,19
56.29171,13
56.30182,16
56.31194,17
56.32205,23
56.33216,27
56.34228,23
56.35239,19
56.3625,13
56.37262,28
56.38273,23
56.39285,21
56.40296,20
56.41307,31
56.42319,23
56.4333,20
56.44342,24
56.45353,19
56.46364,28
56.47376,12
56.48387,24
56.49398,22
56.5041,28
56.51421,18
56.52433,26
56.53444,17
56.54455,22
56.55467,27
56.56478,19
56.57489,22
56.58501,18
56.59512,18
56.60524,18
56.61535,23
56.62546,15
56.63558,20
56.64569,19
56.65581,13
56.66592,19
56.67603,14
56.68615,13
56.69626,21
56.70637,17
56.71649,12
56.7266,15
56.73672,19
56.74683,17
56.75694,18
56.76706,21
56.77717,20
56.78729,15
56.7974,17
56.80751,19
56.81763,18
56.82774,16
56.83785,17
56.84797,18
56.85808,17
56.8682,13
56.87831,19
56.88842,22
56.89854,22
56.90865,20
56.91876,16
56.92888,17
56.93899,16
56.94911,20
56.95922,16
56.96933,15
56.97945,19
56.98956,15
56.99968,16
57.00979,24
57.0199,17
57.03002,13
57.04013,11
57.05024,11
57.06036,17
57.07047,19
57.08059,24
57.0907,16
57.10081,24
57.11093,17
57.12104,16
57.13116,18
57.14127,9
57.15138,13
57.1615,18
57.17161,25
57.18172,23
57.19184,11
57.20195,21
57.21207,28
57.22218,22
57.23229,15
57.24241,16
57.25252,31
57.26263,21
57.27275,20
57.28286,17
57.29298,24
57.30309,17
57.3132,19
57.32332,13
57.33343,21
57.34355,20
57.35366,24
57.36377,29
57.37389,20
57.384,20
57.39411,22
57.40423,19
57.41434,26
57.42446,21
57.43457,22
57.44468,24
57.4548,17
57.46491,26
57.47503,22
57.48514,23
57.49525,26
57.50537,17
57.51548,14
57.52559,21
57.53571,17
57.54582,15
57.55594,18
57.56605,17
57.57616,13
57.58628,21
57.59639,14
57.6065,20
57.61662,21
57.62673,14
57.63685,12
57.64696,10
57.65707,17
57.66719,17
57.6773,21
57.68742,12
57.69753,22
57.70764,21
57.71776,17
57.72787,13
57.73798,13
57.7481,12
57.75821,24
57.76833,12
57.77844,15
57.78855,12
57.79867,9
57.80878,21
57.8189,11
57.82901,16
57.83912,16
57.84924,18
57.85935,13
57.86946,8
57.87958,8
57.88969,18
57.89981,16
57.90992,15
57.92003,11
57.93015,17
57.94026,11
57.95037,15
57.96049,21
57.9706,8
57.98072,12
57.99083,15
58.00094,17
58.01106,19
58.02117,15
58.03129,15
58.0414,15
58.05151,14
58.06163,14
58.07174,8
58.08185,15
58.09197,15
58.10208,16
58.1122,13
58.12231,17
58.13242,16
58.14254,14
58.15265,10
58.16277,16
58.17288,20
58.18299,13
58.19311,12
58.20322,18
58.21333,15
58.22345,21
58.23356,11
58.24368,16
58.25379,21
58.2639,12
58.27402,18
58.28413,24
58.29424,20
58.30436,24
58.31447,20
58.32459,12
58.3347,16
58.34481,17
58.35493,10
58.36504,12
58.37516,22
58.38527,17
58.39538,14
58.4055,21
58.41561,16
58.42572,17
58.43584,20
58.44595,17
58.45607,19
58.46618,11
58.47629,12
58.48641,23
58.49652,18
58.50664,16
58.51675,16
58.52686,22
58.53698,14
58.54709,16
58.5572,16
58.56732,13
58.57743,22
58.58755,12
58.59766,13
58.60777,18
58.61789,13
58.628,14
58.63811,8
58.64823,17
58.65834,15
58.66846,12
58.67857,18
58.68868,9
58.6988,20
58.70891,20
58.71903,12
58.72914,17
58.73925,13
58.74937,9
58.75948,18
58.76959,14
58.77971,18
58.78982,17
58.79994,16
58.81005,17
58.82016,15
58.83028,18
58.84039,11
58.85051,15
58.86062,12
58.87073,12
58.88085,21
58.89096,19
58.90107,17
58.91119,14
58.9213,18
58.93142,26
58.94153,21
58.95164,12
58.96176,10
58.97187,12
58.98199,9
58.9921,13
59.00221,15
59.01233,21
59.02244,13
59.03255,9
59.04267,13
59.05278,17
59.0629,5
59.07301,20
59.08312,15
59.09324,14
59.10335,12
59.11346,20
59.12358,19
59.13369,7
59.14381,16
59.15392,25
59.16403,13
59.17415,20
59.18426,21
59.19438,16
59.20449,17
59.2146,16
59.22472,11
59.23483,13
59.24494,12
59.25506,17
59.26517,15
59.27529,11
59.2854,19
59.29551,16
59.30563,17
59.31574,17
59.32586,16
59.33597,17
59.34608,12
59.3562,17
59.36631,17
59.37642,18
59.38654,16
59.39665,16
59.40677,17
59.41688,19
59.42699,9
59.43711,19
59.44722,18
59.45733,16
59.46745,18
59.47756,16
59.48768,15
59.49779,23
59.5079,15
59.51802,19
59.52813,13
59.53825,20
59.54836,20
59.55847,11
59.56859,20
59.5787,19
59.58881,18
59.59893,15
59.60904,23
59.61916,13
59.62927,20
59.63938,15
59.6495,21
59.65961,18
59.66973,22
59.67984,26
59.68995,36
59.70007,23
59.71018,33
59.72029,33
59.73041,31
59.74052,44
59.75064,29
59.76075,31
59.77086,29
59.78098,28
59.79109,20
59.8012,25
59.81132,26
59.82143,24
59.83155,25
59.84166,24
59.85177,20
59.86189,30
59.872,30
59.88212,18
59.89223,35
59.90234,28
59.91246,19
59.92257,26
59.93268,29
59.9428,27
59.95291,26
59.96303,21
59.97314,20
59.98325,26
59.99337,20
60.00348,15
60.0136,18
60.02371,9
60.03382,21
60.04394,14
60.05405,11
60.06416,14
60.07428,22
60.08439,9
60.09451,15
60.10462,22
60.11473,13
60.12485,15
60.13496,23
60.14507,17
60.15519,21
60.1653,24
60.17542,17
60.18553,15
60.19564,20
60.20576,13
60.21587,11
60.22599,21
60.2361,20
60.24621,13
60.25633,12
60.26644,14
60.27655,14
60.28667,20
60.29678,19
60.3069,25
60.31701,20
60.32712,15
60.33724,16
60.34735,17
60.35747,15
60.36758,9
60.37769,15
60.38781,16
60.39792,17
60.40803,18
60.41815,11
60.42826,18
60.43838,19
60.44849,20
60.4586,12
60.46872,18
60.47883,14
60.48894,21
60.49906,16
60.50917,10
60.51929,17
60.5294,14
60.53951,18
60.54963,11
60.55974,17
60.56986,17
60.57997,10
60.59008,14
60.6002,24
60.61031,18
60.62042,19
60.63054,17
60.64065,16
60.65077,12
60.66088,17
60.67099,20
60.68111,12
60.69122,10
60.70134,18
60.71145,20
60.72156,16
60.73168,23
60.74179,19
60.7519,19
60.76202,18
60.77213,10
60.78225,14
60.79236,22
60.80247,19
60.81259,11
60.8227,18
60.83281,16
60.84293,14
60.85304,9
60.86316,13
60.87327,15
60.88338,22
60.8935,16
60.90361,16
60.91373,12
60.92384,16
60.93395,9
60.94407,16
60.95418,17
60.96429,12
60.97441,12
60.98452,11
60.99464,8
61.00475,14
61.01486,15
61.02498,8
61.03509,7
61.04521,15
61.05532,15
61.06543,8
61.07555,10
61.08566,8
61.09577,16
61.10589,15
61.116,13
61.12612,10
61.13623,14
61.14634,12
61.15646,15
61.16657,13
61.17668,12
61.1868,11
61.19691,5
61.20703,13
61.21714,11
61.22725,9
61.23737,8
61.24748,10
61.2576,9
61.26771,4
61.27782,13
61.28794,11
61.29805,15
61.30816,11
61.31828,12
61.32839,9
61.33851,18
61.34862,9
61.35873,14
61.36885,19
61.37896,17
61.38908,11
61.39919,18
61.4093,8
61.41942,18
61.42953,18
61.43964,9
61.44976,16
61.45987,9
61.46999,6
61.4801,11
61.49021,11
61.50033,12
61.51044,12
61.52055,15
61.53067,14
61.54078,6
61.5509,12
61.56101,14
61.57112,14
61.58124,9
61.59135,12
61.60147,16
61.61158,9
61.62169,12
61.63181,10
61.64192,13
61.65203,6
61.66215,18
61.67226,13
61.68238,8
61.69249,13
61.7026,12
61.71272,11
61.72283,8
61.73295,15
61.74306,17
61.75317,9
61.76329,12
61.7734,18
61.78351,16
61.79363,8
61.80374,13
61.81386,13
61.82397,17
61.83408,12
61.8442,6
61.85431,14
61.86443,10
61.87454,11
61.88465,9
61.89477,10
61.90488,14
61.91499,10
61.92511,11
61.93522,15
61.94534,14
61.95545,20
61.96556,9
61.97568,12
61.98579,8
61.9959,10
62.00602,17
62.01613,12
62.02625,10
62.03636,17
62.04647,17
62.05659,14
62.0667,13
62.07682,16
62.08693,9
62.09704,11
62.10716,9
62.11727,13
62.12738,8
62.1375,8
62.14761,14
62.15773,14
62.16784,6
62.17795,9
62.18807,12
62.19818,11
62.2083,7
62.21841,11
62.22852,11
62.23864,7
62.24875,13
62.25886,12
62.26898,16
62.27909,8
62.28921,12
62.29932,9
62.30943,11
62.31955,6
62.32966,14
62.33977,7
62.34989,9
62.36,15
62.37012,10
62.38023,13
62.39034,13
62.40046,5
62.41057,13
62.42069,14
62.4308,9
62.44091,9
62.45103,15
62.46114,15
62.47125,14
62.48137,6
62.49148,11
62.5016,10
62.51171,10
62.52182,11
62.53194,8
62.54205,13
62.55217,6
62.56228,14
62.57239,10
62.58251,9
62.59262,10
62.60273,8
62.61285,10
62.62296,12
62.63308,9
62.64319,14
62.6533,13
62.66342,20
62.67353,18
62.68364,13
62.69376,15
62.70387,18
62.71399,10
62.7241,10
62.73421,10
62.74433,15
62.75444,12
62.76456,16
62.77467,11
62.78478,8
62.7949,10
62.80501,14
62.81512,20
62.82524,11
62.83535,12
62.84547,11
62.85558,13
62.86569,8
62.87581,10
62.88592,14
62.89604,11
62.90615,13
62.91626,5
62.92638,10
62.93649,5
62.9466,12
62.95672,10
62.96683,12
62.97695,13
62.98706,10
62.99717,9
63.00729,11
63.0174,14
63.02751,8
63.03763,11
63.04774,10
63.05786,8
63.06797,9
63.07808,12
63.0882,8
63.09831,12
63.10843,9
63.11854,7
63.12865,14
63.13877,14
63.14888,10
63.15899,7
63.16911,15
63.17922,10
63.18934,16
63.19945,9
63.20956,13
63.21968,12
63.22979,11
63.23991,13
63.25002,7
63.26013,10
63.27025,14
63.28036,19
63.29047,9
63.30059,11
63.3107,9
63.32082,15
63.33093,12
63.34104,10
63.35116,11
63.36127,9
63.37138,9
63.3815,5
63.39161,13
63.40173,12
63.41184,9
63.42195,8
63.43207,11
63.44218,6
63.4523,11
63.46241,9
63.47252,12
63.48264,7
63.49275,8
63.50286,9
63.51298,12
63.52309,10
63.53321,12
63.54332,15
63.55343,7
63.56355,15
63.57366,7
63.58378,8
63.59389,11
63.604,10
63.61412,8
63.62423,8
63.63434,12
63.64446,11
63.65457,9
63.66469,6
63.6748,6
63.68491,9
63.69503,7
63.70514,10
63.71525,12
63.72537,13
63.73548,7
63.7456,8
63.75571,8
63.76582,8
63.77594,11
63.78605,9
63.79617,4
63.80628,9
63.81639,18
63.82651,10
63.83662,6
63.84673,7
63.85685,13
63.86696,17
63.87708,12
63.88719,4
63.8973,8
63.90742,9
63.91753,9
63.92765,12
63.93776,6
63.94787,15
63.95799,5
63.9681,7
63.97821,8
63.98833,12
63.99844,8
64.00856,11
64.01867,10
64.02878,13
64.0389,11
64.04901,19
64.05912,13
64.06924,14
64.07935,11
64.08947,12
64.09958,14
64.10969,14
64.11981,12
64.12992,10
64.14004,12
64.15015,12
64.16026,10
64.17038,9
64.18049,9
64.1906,7
64.20072,18
64.21083,7
64.22095,10
64.23106,12
64.24117,11
64.25129,5
64.2614,12
64.27152,7
64.28163,13
64.29174,8
64.30186,14
64.31197,10
64.32208,8
64.3322,7
64.34231,9
64.35243,12
64.36254,13
64.37265,12
64.38277,10
64.39288,11
64.40299,12
64.41311,12
64.42322,14
64.43334,8
64.44345,15
64.45356,13
64.46368,12
64.47379,7
64.48391,12
64.49402,11
64.50413,15
64.51425,14
64.52436,8
64.53447,5
64.54459,11
64.5547,10
64.56482,13
64.57493,12
64.58504,14
64.59516,8
64.60527,7
64.61539,7
64.6255,10
64.63561,13
64.64573,7
64.65584,12
64.66595,6
64.67607,7
64.68618,8
64.6963,10
64.70641,12
64.71652,8
64.72664,11
64.73675,9
64.74687,11
64.75698,14
64.76709,8
64.77721,13
64.78732,7
64.79743,7
64.80755,11
64.81766,15
64.82778,10
64.83789,7
64.848,5
64.85812,6
64.86823,7
64.87834,11
64.88846,14
64.89857,9
64.90869,9
64.9188,14
64.92891,10
64.93903,6
64.94914,11
64.95926,15
64.96937,13
64.97948,16
64.9896,10
64.99971,15
65.00982,6
65.01994,7
65.03005,18
65.04017,13
65.05028,8
65.06039,5
65.07051,12
65.08062,10
65.09074,13
65.10085,12
65.11096,16
65.12108,8
65.13119,14
65.1413,9
65.15142,4
65.16153,11
65.17165,14
65.18176,13
65.19187,12
65.20199,10
65.2121,18
65.22221,10
65.23233,7
65.24244,9
65.25256,11
65.26267,11
65.27278,12
65.2829,12
65.29301,13
65.30313,11
65.31324,9
65.32335,16
65.33347,15
65.34358,6
65.35369,12
65.36381,13
65.37392,15
65.38404,9
65.39415,10
65.40426,7
65.41438,14
65.42449,12
65.43461,16
65.44472,10
65.45483,15
65.46495,15
65.47506,10
65.48517,16
65.49529,10
65.5054,9
65.51552,12
65.52563,10
65.53574,9
65.54586,13
65.55597,19
65.56608,12
65.5762,13
65.58631,13
65.59643,10
65.60654,9
65.61665,8
65.62677,15
65.63688,8
65.647,8
65.65711,13
65.66722,13
65.67734,8
65.68745,15
65.69756,11
65.70768,12
65.71779,7
65.72791,8
65.73802,8
65.74813,13
65.75825,8
65.76836,8
65.77848,11
65.78859,10
65.7987,8
65.80882,9
65.81893,11
65.82904,14
65.83916,8
65.84927,9
65.85939,5
65.8695,11
65.87961,12
65.88973,3
65.89984,10
65.90995,11
65.92007,12
65.93018,10
65.9403,14
65.95041,12
65.96052,19
65.97064,15
65.98075,11
65.99087,8
66.00098,14
66.01109,9
66.02121,11
66.03132,7
66.04143,10
66.05155,14
66.06166,10
66.07178,7
66.08189,13
66.092,8
66.10212,5
66.11223,5
66.12235,11
66.13246,18
66.14257,10
66.15269,16
66.1628,10
66.17291,8
66.18303,8
66.19314,10
66.20326,12
66.21337,13
66.22348,7
66.2336,9
66.24371,5
66.25382,14
66.26394,12
66.27405,12
66.28417,10
66.29428,7
66.30439,14
66.31451,11
66.32462,14
66.33474,7
66.34485,11
66.35496,13
66.36508,10
66.37519,14
66.3853,5
66.39542,12
66.40553,10
66.41565,7
66.42576,11
66.43587,7
66.44599,13
66.4561,12
66.46622,12
66.47633,13
66.48644,11
66.49656,8
66.50667,18
66.51678,10
66.5269,6
66.53701,19
66.54713,13
66.55724,5
66.56735,11
66.57747,12
66.58758,10
66.59769,11
66.60781,13
66.61792,15
66.62804,11
66.63815,9
66.64826,11
66.65838,13
66.66849,14
66.67861,10
66.68872,9
66.69883,14
66.70895,9
66.71906,12
66.72917,9
66.73929,11
66.7494,12
66.75952,15
66.76963,8
66.77974,9
66.78986,11
66.79997,10
66.81009,7
66.8202,12
66.83031,10
66.84043,8
66.85054,9
66.86065,16
66.87077,12
66.88088,8
66.891,10
66.90111,4
66.91122,10
66.92134,5
66.93145,8
66.94156,10
66.95168,3
66.96179,8
66.97191,5
66.98202,8
66.99213,12
67.00225,4
67.01236,13
67.02248,11
67.03259,9
67.0427,8
67.05282,13
67.06293,6
67.07304,13
67.08316,7
67.09327,8
67.10339,11
67.1135,10
67.12361,19
67.13373,10
67.14384,10
67.15396,6
67.16407,10
67.17418,9
67.1843,11
67.19441,8
67.20452,9
67.21464,8
67.22475,9
67.23487,13
67.24498,6
67.25509,15
67.26521,15
67.27532,8
67.28544,12
67.29555,8
67.30566,12
67.31578,6
67.32589,13
67.336,11
67.34612,9
67.35623,5
67.36635,12
67.37646,15
67.38657,9
67.39669,6
67.4068,10
67.41691,8
67.42703,15
67.43714,15
67.44726,10
67.45737,9
67.46748,6
67.4776,14
67.48771,12
67.49783,10
67.50794,8
67.51805,11
67.52817,11
67.53828,16
67.54839,11
67.55851,14
67.56862,13
67.57874,15
67.58885,15
67.59896,9
67.60908,9
67.61919,15
67.62931,11
67.63942,11
67.64953,11
67.65965,14
67.66976,7
67.67987,3
67.68999,9
67.7001,9
67.71022,9
67.72033,13
67.73044,16
67.74056,5
67.75067,9
67.76078,14
67.7709,15
67.78101,9
67.79113,10
67.80124,10
67.81135,5
67.82147,12
67.83158,10
67.8417,10
67.85181,9
67.86192,15
67.87204,12
67.88215,12
67.89226,9
67.90238,6
67.91249,12
67.92261,5
67.93272,8
67.94283,10
67.95295,5
67.96306,9
67.97318,12
67.98329,12
67.9934,6
68.00352,9
68.01363,4
68.02374,8
68.03386,9
68.04397,12
68.05409,13
68.0642,5
68.07431,13
68.08443,7
68.09454,8
68.10465,10
68.11477,10
68.12488,9
68.135,12
68.14511,11
68.15522,9
68.16534,8
68.17545,12
68.18557,8
68.19568,9
68.20579,2
68.21591,12
68.22602,17
68.23613,12
68.24625,10
68.25636,13
68.26648,6
68.27659,8
68.2867,11
68.29682,9
68.30693,11
68.31705,18
68.32716,5
68.33727,8
68.34739,15
68.3575,14
68.36761,7
68.37773,10
68.38784,9
68.39796,12
68.40807,5
68.41818,8
68.4283,2
68.43841,5
68.44852,10
68.45864,6
68.46875,12
68.47887,13
68.48898,8
68.49909,6
68.50921,3
68.51932,8
68.52944,12
68.53955,5
68.54966,12
68.55978,11
68.56989,7
68.58,7
68.59012,15
68.60023,13
68.61035,9
68.62046,10
68.63057,7
68.64069,5
68.6508,6
68.66092,15
68.67103,8
68.68114,14
68.69126,7
68.70137,11
68.71148,7
68.7216,8
68.73171,17
68.74183,8
68.75194,8
68.76205,10
68.77217,8
68.78228,12
68.79239,10
68.80251,6
68.81262,9
68.82274,3
68.83285,10
68.84296,11
68.85308,11
68.86319,10
68.87331,8
68.88342,13
68.89353,13
68.90365,7
68.91376,9
68.92387,7
68.93399,12
68.9441,9
68.95422,4
68.96433,7
68.97444,8
68.98456,10
68.99467,4
69.00479,6
69.0149,3
69.02501,4
69.03513,7
69.04524,4
69.05535,11
69.06547,4
69.07558,14
69.0857,12
69.09581,7
69.10592,7
69.11604,8
69.12615,14
69.13626,13
69.14638,7
69.15649,10
69.16661,7
69.17672,12
69.18683,5
69.19695,8
69.20706,15
69.21718,4
69.22729,5
69.2374,7
69.24752,13
69.25763,9
69.26774,8
69.27786,6
69.28797,12
69.29809,13
69.3082,14
69.31831,8
69.32843,11
69.33854,7
69.34866,9
69.35877,7
69.36888,10
69.379,9
69.38911,13
69.39922,12
69.40934,5
69.41945,17
69.42957,9
69.43968,8
69.44979,9
69.45991,12
69.47002,8
69.48013,10
69.49025,14
69.50036,8
69.51048,9
69.52059,10
69.5307,9
69.54082,7
69.55093,6
69.56105,12
69.57116,7
69.58127,11
69.59139,7
69.6015,14
69.61161,7
69.62173,6
69.63184,10
69.64196,2
69.65207,12
69.66218,9
69.6723,7
69.68241,8
69.69253,8
69.70264,11
69.71275,11
69.72287,12
69.73298,13
69.74309,9
69.75321,12
69.76332,9
69.77344,9
69.78355,10
69.79366,8
69.80378,9
69.81389,8
69.824,12
69.83412,8
69.84423,11
69.85435,8
69.86446,14
69.87457,7
69.88469,15
69.8948,11
69.90492,9
69.91503,9
69.92514,12
69.93526,15
69.94537,6
69.95548,11
69.9656,15
69.97571,11
69.98583,15
69.99594,18